Year,Avg. Pace,PLAYER,TEAM,Team Conference Rank,GP,Team GP,W,PTS,REB,AST,STL,BLK,TOV,TS%,3PM,DEFWS,USG%,PIE,Prior MVPs
2020,99.2,Stephen Curry,GSW,8,63,72,37,32.0,5.5,5.8,1.2,0.1,3.4,65.5,5.3,0.11199999999999999,33.1,18.1,2
2020,99.2,Bradley Beal,WAS,8,60,72,32,31.3,4.7,4.4,1.2,0.4,3.1,59.3,2.2,61,33.1,14.5,0
2020,99.2,Damian Lillard,POR,5,67,72,39,28.8,4.2,7.5,0.9,0.3,3.0,62.3,4.1,0.054000000000000006,30.6,15.8,0
2020,99.2,Joel Embiid,PHI,1,51,72,39,28.5,10.6,2.8,1.0,1.4,3.1,63.6,1.1,135,35.2,20.3,0
2020,99.2,Giannis Antetokounmpo,MIL,3,61,72,40,28.1,11.0,5.9,1.2,1.2,3.4,63.3,1.1,0.13,32.0,19.6,2
2020,99.2,Luka Doncic,DAL,5,66,72,40,27.7,8.0,8.6,1.0,0.5,4.3,58.7,2.9,81,35.0,17.9,0
2020,99.2,Zach LaVine,CHI,11,58,72,26,27.4,5.0,4.9,0.8,0.5,3.5,63.4,3.4,78,30.2,14.0,0
2020,99.2,Zion Williamson,NOP,11,61,72,29,27.0,7.2,3.7,0.9,0.6,2.7,64.9,0.2,0.08900000000000001,28.7,16.1,0
2020,99.2,Kevin Durant,BKN,2,35,72,23,26.9,7.1,5.6,0.7,1.3,3.4,66.6,2.4,95,30.3,17.2,1
2020,99.2,Kyrie Irving,BKN,2,54,72,36,26.9,4.8,6.0,1.4,0.7,2.4,61.4,2.8,0.07,29.7,14.9,0
2020,99.2,Jayson Tatum,BOS,7,64,72,34,26.4,7.4,4.3,1.2,0.5,2.7,57.6,2.9,92,29.8,15.2,0
2020,99.2,Donovan Mitchell,UTA,1,53,72,39,26.4,4.4,5.2,1.0,0.3,2.8,56.9,3.4,0.11199999999999999,32.7,13.8,0
2020,99.2,Nikola Jokic,DEN,3,72,72,47,26.4,10.8,8.3,1.3,0.7,3.1,64.7,1.3,0.08199999999999999,29.3,20.1,0
2020,99.2,Devin Booker,PHX,2,67,72,48,25.6,4.2,4.3,0.8,0.2,3.1,58.7,1.9,92,31.9,12.5,0
2020,99.2,Trae Young,ATL,4,63,72,36,25.3,3.9,9.4,0.8,0.2,4.1,58.9,2.2,76,32.0,15.0,0
2020,99.2,De'Aaron Fox,SAC,11,58,72,24,25.2,3.5,7.2,1.5,0.5,3.0,56.5,1.8,0.027000000000000003,30.4,12.4,0
2020,99.2,LeBron James,LAL,5,45,72,30,25.0,7.7,7.8,1.1,0.6,3.7,60.2,2.3,172,31.0,19.1,4
2020,99.2,Kawhi Leonard,LAC,3,52,72,36,24.8,6.5,5.2,1.6,0.4,2.0,62.2,1.9,113,28.2,17.0,0
2020,99.2,Karl-Anthony Towns,MIN,13,50,72,19,24.8,10.6,4.5,0.8,1.1,3.2,61.2,2.4,0.057999999999999996,28.6,15.5,0
2020,99.2,Jaylen Brown,BOS,7,58,72,30,24.7,6.0,3.4,1.2,0.6,2.7,58.6,2.8,0.09,29.0,12.9,0
2020,99.2,James Harden,BKN,2,44,72,31,24.6,7.9,10.8,1.2,0.8,4.0,61.8,2.8,67,28.3,17.4,1
2020,99.2,Collin Sexton,CLE,13,60,72,18,24.3,3.1,4.4,1.0,0.2,2.8,57.3,1.6,69,28.6,11.5,0
2020,99.2,Julius Randle,NYK,4,71,72,40,24.1,10.2,6.0,0.9,0.3,3.4,56.7,2.3,153,28.5,15.8,0
2020,99.2,Brandon Ingram,NOP,11,61,72,29,23.8,4.9,4.9,0.7,0.6,2.5,58.4,2.3,64,27.9,12.8,0
2020,99.2,Shai Gilgeous-Alexander,OKC,14,35,72,16,23.7,4.7,5.9,0.8,0.7,3.0,62.3,2.0,55,28.3,14.6,0
2020,99.2,Nikola Vucevic,CHI,11,70,72,26,23.4,11.7,3.8,0.9,0.7,1.8,56.0,2.5,69,29.2,16.8,0
2020,99.2,Paul George,LAC,3,54,72,38,23.3,6.6,5.2,1.1,0.4,3.3,59.8,3.2,134,29.6,14.5,0
2020,99.2,CJ McCollum,POR,5,47,72,28,23.1,3.9,4.7,0.9,0.4,1.4,57.7,3.6,78,26.5,12.3,0
2020,99.2,Jerami Grant,DET,15,54,72,15,22.3,4.6,2.8,0.6,1.1,2.0,55.6,2.1,91,27.8,11.4,0
2020,99.2,Russell Westbrook,WAS,8,65,72,30,22.2,11.5,11.7,1.4,0.4,4.8,50.9,1.3,111,29.5,16.4,1
2020,99.2,Anthony Davis,LAL,5,36,72,23,21.8,7.9,3.1,1.3,1.6,2.1,55.6,0.7,125,28.7,15.3,0
2020,99.2,DeMar DeRozan,SAS,10,61,72,27,21.6,4.2,6.9,0.9,0.2,2.0,59.1,0.3,0.05,25.5,13.9,0
2020,99.2,Jimmy Butler,MIA,6,52,72,33,21.5,6.9,7.1,2.1,0.3,2.1,60.7,0.5,135,25.9,18.4,0
2020,99.2,Pascal Siakam,TOR,12,56,72,21,21.4,7.2,4.5,1.1,0.7,2.3,54.7,1.3,96,26.1,11.9,0
2020,99.2,Jamal Murray,DEN,3,48,72,31,21.2,4.0,4.8,1.3,0.3,2.3,59.2,2.7,0.10400000000000001,24.4,11.7,0
2020,99.2,Malcolm Brogdon,IND,8,56,72,27,21.2,5.3,5.9,0.9,0.3,2.1,56.1,2.6,95,25.7,12.8,0
2020,99.2,Christian Wood,HOU,15,41,72,12,21.0,9.6,1.7,0.8,1.2,2.0,59.1,1.9,76,25.5,13.9,0
2020,99.2,John Wall,HOU,15,40,72,12,20.6,3.2,6.9,1.1,0.8,3.5,50.3,2.0,0.08199999999999999,31.6,11.4,0
2020,99.2,Terry Rozier,CHA,10,69,72,32,20.4,4.4,4.2,1.3,0.4,1.9,57.5,3.2,78,23.8,11.3,0
2020,99.2,Khris Middleton,MIL,3,68,72,45,20.4,6.0,5.4,1.1,0.1,2.6,58.8,2.2,99,24.5,12.3,0
2020,99.2,Domantas Sabonis,IND,8,62,72,29,20.3,12.0,6.7,1.2,0.5,3.4,60.1,0.8,96,23.9,15.4,0
2020,99.2,Caris LeVert,IND,8,47,72,24,20.2,4.6,5.2,1.4,0.6,2.2,53.1,1.8,0.08,27.9,11.6,0
2020,99.2,Kristaps Porzingis,DAL,5,43,72,26,20.1,8.9,1.6,0.5,1.3,1.2,58.2,2.3,48,25.9,13.5,0
2020,99.2,Victor Oladipo,MIA,6,33,72,13,19.8,4.8,4.6,1.4,0.4,2.5,51.2,2.4,0.11900000000000001,28.6,10.9,0
2020,99.2,Gordon Hayward,CHA,10,44,72,24,19.6,5.9,4.1,1.2,0.3,2.1,58.4,1.9,0.10400000000000001,23.5,12.4,0
2020,99.2,Fred VanVleet,TOR,12,52,72,22,19.6,4.2,6.3,1.7,0.7,1.8,53.4,3.3,0.11,23.7,11.5,0
2020,99.2,Malik Beasley,MIN,13,37,72,8,19.6,4.4,2.4,0.8,0.2,1.6,57.0,3.5,0.054000000000000006,23.5,10.1,0
2020,99.2,Tobias Harris,PHI,1,62,72,44,19.5,6.8,3.5,0.9,0.8,1.7,59.7,1.3,138,23.7,14.5,0
2020,99.2,Anthony Edwards,MIN,13,72,72,23,19.3,4.7,2.9,1.1,0.5,2.2,52.3,2.4,48,26.4,9.4,0
2020,99.2,Kemba Walker,OKC,14,43,72,22,19.3,4.0,4.9,1.1,0.3,2.0,55.9,3.0,84,25.6,12.3,0
2020,99.2,Ja Morant,MEM,9,63,72,33,19.1,4.0,7.4,0.9,0.2,3.2,53.7,1.2,0.08199999999999999,26.7,11.3,0
2020,99.2,Michael Porter Jr.,DEN,3,61,72,40,19.0,7.3,1.1,0.7,0.9,1.3,66.3,2.8,0.08,21.4,12.5,0
2020,99.2,D'Angelo Russell,MIN,13,42,72,16,19.0,2.6,5.8,1.1,0.4,2.7,55.5,2.9,33,28.3,11.4,0
2020,99.2,Bam Adebayo,MIA,6,64,72,34,18.7,9.0,5.4,1.2,1.0,2.6,62.6,0.0,0.10800000000000001,23.3,16.1,0
2020,99.2,Norman Powell,POR,5,69,72,32,18.6,3.1,1.9,1.2,0.3,1.7,61.8,2.5,78,22.1,9.6,0
2020,99.2,Andrew Wiggins,GSW,8,71,72,38,18.6,4.9,2.4,0.9,1.0,1.8,56.8,2.0,0.11199999999999999,22.9,9.9,0
2020,99.2,Jordan Clarkson,UTA,1,68,72,49,18.4,4.0,2.5,0.9,0.1,1.7,54.9,3.1,0.1,28.6,11.5,0
2020,99.2,Eric Gordon,HOU,15,27,72,10,17.8,2.1,2.6,0.5,0.5,1.9,57.7,2.6,91,24.6,9.7,0
2020,99.2,Jrue Holiday,MIL,3,59,72,41,17.7,4.5,6.1,1.6,0.6,2.2,59.2,1.9,113,21.7,12.4,0
2020,99.2,John Collins,ATL,4,63,72,34,17.6,7.4,1.2,0.5,1.0,1.3,64.5,1.3,77,21.4,12.5,0
2020,99.2,RJ Barrett,NYK,4,72,72,41,17.6,5.8,3.0,0.7,0.3,1.9,53.5,1.7,138,22.8,9.5,0
2020,99.2,Darius Garland,CLE,13,54,72,18,17.4,2.4,6.1,1.2,0.1,3.0,54.7,1.9,81,24.5,10.1,0
2020,99.2,Kyle Lowry,TOR,12,46,72,15,17.2,5.4,7.3,1.0,0.3,2.7,59.3,2.8,79,20.9,11.5,0
2020,99.2,Dillon Brooks,MEM,9,67,72,36,17.2,2.9,2.3,1.2,0.4,1.8,51.5,1.9,99,25.6,6.6,0
2020,99.2,Evan Fournier,BOS,7,42,72,18,17.1,3.0,3.4,1.1,0.5,1.7,59.8,2.8,69,22.2,9.8,0
2020,99.2,Jonas Valanciunas,MEM,9,62,72,32,17.1,12.5,1.8,0.6,0.9,1.6,63.6,0.3,98,21.7,16.3,0
2020,99.2,Bojan Bogdanovic,UTA,1,72,72,52,17.0,3.9,1.9,0.6,0.1,1.8,58.8,2.5,121,22.5,9.4,0
2020,99.2,Tim Hardaway Jr.,DAL,5,70,72,42,16.6,3.3,1.8,0.4,0.2,0.9,58.9,3.0,0.07,23.0,10.2,0
2020,99.2,Kevin Porter Jr.,HOU,15,26,72,4,16.6,3.8,6.3,0.7,0.3,3.5,52.8,1.9,0.006999999999999999,24.7,8.6,0
2020,99.2,Buddy Hield,SAC,11,71,72,31,16.6,4.7,3.6,0.9,0.4,1.8,56.7,4.0,43,20.1,8.4,0
2020,99.2,Chris Paul,PHX,2,70,72,49,16.4,4.5,8.9,1.4,0.3,2.2,59.9,1.5,0.11,22.1,15.0,0
2020,99.2,Khyri Thomas,HOU,15,5,72,1,16.4,3.6,5.0,1.8,1.2,1.2,58.6,1.8,35,20.8,10.7,0
2020,99.2,Bogdan Bogdanovic,ATL,4,44,72,30,16.4,3.6,3.3,1.1,0.3,1.2,61.6,3.3,84,21.0,11.0,0
2020,99.2,Mike Conley,UTA,1,51,72,37,16.2,3.5,6.0,1.4,0.2,1.9,58.9,2.7,184,22.4,13.1,0
2020,99.2,Harrison Barnes,SAC,11,58,72,25,16.1,6.6,3.5,0.7,0.2,1.6,62.6,1.7,47,16.9,10.7,0
2020,99.2,Elijah Bryant,MIL,3,1,72,0,16.0,6.0,3.0,0.0,1.0,4.0,55.9,1.0,142,23.1,7.2,0
2020,99.2,OG Anunoby,TOR,12,43,72,18,15.9,5.5,2.2,1.5,0.7,1.7,60.5,2.4,0.11199999999999999,19.3,9.9,0
2020,99.2,LaMelo Ball,CHA,10,51,72,23,15.7,5.9,6.1,1.6,0.4,2.8,53.9,1.8,77,24.7,12.1,0
2020,99.2,Dejounte Murray,SAS,10,67,72,32,15.7,7.1,5.4,1.5,0.1,1.7,50.9,0.9,0.10400000000000001,23.1,12.4,0
2020,99.2,Terrence Ross,ORL,14,46,72,16,15.6,3.4,2.3,1.0,0.5,1.6,53.0,1.9,75,23.0,9.0,0
2020,99.2,T.J. Warren,IND,8,4,72,3,15.5,3.5,1.3,0.5,0.0,1.0,56.0,0.0,0.10300000000000001,21.3,7.2,0
2020,99.2,Kelly Oubre Jr.,GSW,8,55,72,27,15.4,6.0,1.3,1.0,0.8,1.3,52.9,1.6,99,21.5,9.0,0
2020,99.2,Dennis Schroder,LAL,5,61,72,38,15.4,3.5,5.8,1.1,0.2,2.7,54.3,1.2,114,22.7,9.7,0
2020,99.2,Derrick White,SAS,10,36,72,18,15.4,3.0,3.5,0.7,1.0,1.3,55.0,2.3,102,22.3,9.0,0
2020,99.2,Gary Trent Jr.,TOR,12,58,72,29,15.3,2.6,1.4,1.0,0.2,0.7,53.4,2.8,45,20.4,7.1,0
2020,99.2,Clint Capela,ATL,4,63,72,34,15.2,14.3,0.8,0.7,2.0,1.2,60.1,0.0,0.11,19.3,15.8,0
2020,99.2,Tyler Herro,MIA,6,54,72,29,15.1,5.0,3.4,0.6,0.3,1.9,54.3,2.0,0.09,22.5,10.8,0
2020,99.2,Coby White,CHI,11,69,72,30,15.1,4.1,4.8,0.6,0.2,2.3,54.0,2.4,87,21.9,8.8,0
2020,99.2,De'Andre Hunter,ATL,4,23,72,12,15.0,4.8,1.9,0.8,0.5,1.3,60.3,1.3,131,19.4,10.4,0
2020,99.2,Andre Drummond,LAL,5,46,72,19,14.9,12.0,2.0,1.4,1.1,2.7,51.9,0.0,0.07200000000000001,26.9,13.9,0
2020,99.2,Devonte' Graham,CHA,10,55,72,23,14.8,2.7,5.4,0.9,0.1,1.5,55.2,3.3,0.11900000000000001,21.1,10.3,0
2020,99.2,Derrick Rose,NYK,4,50,72,28,14.7,2.6,4.2,1.0,0.4,1.6,55.0,1.0,0.11900000000000001,25.2,13.3,1
2020,99.2,Lonzo Ball,NOP,11,55,72,23,14.6,4.8,5.7,1.5,0.6,2.2,55.1,3.1,64,20.2,10.5,0
2020,99.2,Kendrick Nunn,MIA,6,56,72,31,14.6,3.2,2.6,0.9,0.3,1.4,59.6,2.2,78,20.5,9.5,0
2020,99.2,Deandre Ayton,PHX,2,69,72,48,14.4,10.5,1.4,0.6,1.2,1.5,65.3,0.1,0.08800000000000001,17.9,13.0,0
2020,99.2,Jaren Jackson Jr.,MEM,9,11,72,4,14.4,5.6,1.1,1.1,1.6,1.4,55.1,1.5,0.018000000000000002,25.2,9.7,0
2020,99.2,Thomas Bryant,WAS,8,10,72,2,14.3,6.1,1.5,0.4,0.8,1.1,70.4,0.9,0.04,16.3,11.1,0
2020,99.2,Rudy Gobert,UTA,1,71,72,52,14.3,13.5,1.3,0.6,2.7,1.7,68.3,0.0,0.18100000000000002,16.6,16.5,0
2020,99.2,Ben Simmons,PHI,1,58,72,42,14.3,7.2,6.9,1.6,0.6,3.0,58.4,0.1,0.14,20.0,12.8,0
2020,99.2,Richaun Holmes,SAC,11,61,72,29,14.2,8.3,1.7,0.6,1.6,1.2,66.9,0.0,51,17.3,12.2,0
2020,99.2,Al Horford,BOS,7,28,72,11,14.2,6.7,3.4,0.9,0.9,1.0,53.8,2.0,95,22.1,13.1,0
2020,99.2,Marvin Bagley III,SAC,11,43,72,20,14.1,7.4,1.0,0.5,0.5,1.4,55.4,0.9,32,22.9,9.9,0
2020,99.2,Joe Harris,BKN,2,69,72,45,14.1,3.6,1.9,0.7,0.2,0.9,66.3,3.1,92,15.7,8.5,0
2020,99.2,Luguentz Dort,OKC,14,52,72,18,14.0,3.6,1.7,0.9,0.4,1.5,51.3,2.2,78,21.8,6.2,0
2020,99.2,Rui Hachimura,WAS,8,57,72,29,13.8,5.5,1.4,0.8,0.1,1.2,54.9,0.8,77,18.0,8.2,0
2020,99.2,Darius Bazley,OKC,14,55,72,16,13.7,7.2,1.8,0.5,0.5,2.2,49.1,1.5,63,21.8,8.6,0
2020,99.2,Chris Boucher,TOR,12,60,72,25,13.6,6.7,1.1,0.6,1.9,0.8,63.4,1.5,71,20.2,13.2,0
2020,99.2,Lauri Markkanen,CHI,11,51,72,20,13.6,5.3,0.9,0.5,0.3,1.0,61.9,2.3,81,19.7,11.0,0
2020,99.2,Doug McDermott,IND,8,66,72,32,13.6,3.3,1.3,0.3,0.1,0.8,63.5,1.7,61,19.4,9.6,0
2020,99.2,LaMarcus Aldridge,BKN,2,26,72,15,13.5,4.5,1.9,0.4,1.1,1.0,55.6,1.2,0.054000000000000006,22.4,9.9,0
2020,99.2,Kelly Olynyk,HOU,15,70,72,26,13.5,7.0,2.9,1.1,0.6,1.8,61.0,1.8,62,19.0,11.2,0
2020,99.2,Montrezl Harrell,LAL,5,69,72,41,13.5,6.2,1.1,0.7,0.7,1.1,65.0,0.0,99,21.1,15.2,0
2020,99.2,Mikal Bridges,PHX,2,72,72,51,13.5,4.3,2.1,1.1,0.9,0.8,66.7,1.9,0.10099999999999999,14.7,9.9,0
2020,99.2,Goran Dragic,MIA,6,50,72,30,13.4,3.4,4.4,0.7,0.2,2.4,55.2,1.8,95,23.9,9.7,0
2020,99.2,Marcus Morris Sr.,LAC,3,57,72,38,13.4,4.1,1.0,0.6,0.3,1.0,61.4,2.5,0.057999999999999996,19.4,9.1,0
2020,99.2,Carmelo Anthony,POR,5,69,72,39,13.4,3.1,1.5,0.7,0.6,0.9,54.7,1.9,35,22.8,8.8,0
2020,99.2,Josh Jackson,DET,15,62,72,16,13.4,4.1,2.3,0.9,0.8,2.3,51.6,1.2,0.09300000000000001,25.4,8.0,0
2020,99.2,Danilo Gallinari,ATL,4,51,72,29,13.3,4.1,1.5,0.6,0.2,0.8,61.3,2.0,0.07200000000000001,21.1,11.2,0
2020,99.2,Duncan Robinson,MIA,6,72,72,40,13.1,3.5,1.8,0.6,0.3,1.1,62.8,3.5,113,16.2,7.5,0
2020,99.2,Marcus Smart,BOS,7,48,72,24,13.1,3.5,5.7,1.5,0.5,2.0,53.9,1.9,91,17.9,8.5,0
2020,99.2,Tyrese Haliburton,SAC,11,58,72,25,13.0,3.0,5.3,1.3,0.5,1.6,58.5,2.1,38,17.5,10.4,0
2020,99.2,Shake Milton,PHI,1,63,72,46,13.0,2.3,3.1,0.6,0.3,1.6,54.9,1.1,107,23.9,10.1,0
2020,99.2,Markelle Fultz,ORL,14,8,72,6,12.9,3.1,5.4,1.0,0.3,2.3,45.8,0.5,57,25.0,8.1,0
2020,99.2,P.J. Washington,CHA,10,64,72,31,12.9,6.5,2.5,1.1,1.2,2.0,54.9,1.8,98,19.1,8.9,0
2020,99.2,Cole Anthony,ORL,14,47,72,13,12.9,4.7,4.1,0.6,0.4,2.3,49.6,1.2,35,23.5,9.1,0
2020,99.2,Kyle Kuzma,LAL,5,68,72,40,12.9,6.1,1.9,0.5,0.6,1.7,54.6,2.0,128,19.8,9.7,0
2020,99.2,Jarrett Allen,CLE,13,63,72,20,12.8,10.0,1.7,0.5,1.4,1.6,66.1,0.1,0.059000000000000004,16.3,13.8,0
2020,99.2,Keldon Johnson,SAS,10,69,72,32,12.8,6.0,1.8,0.6,0.3,1.1,55.7,0.9,57,18.9,9.1,0
2020,99.2,Miles Bridges,CHA,10,66,72,31,12.7,6.0,2.2,0.7,0.8,1.6,62.5,1.8,92,17.0,10.3,0
2020,99.2,Alec Burks,NYK,4,49,72,27,12.7,4.6,2.2,0.6,0.3,1.0,56.4,2.1,0.12,20.8,11.5,0
2020,99.2,Will Barton,DEN,3,56,72,37,12.7,4.0,3.2,0.9,0.4,1.7,53.8,1.8,0.07400000000000001,18.7,7.6,0
2020,99.2,Jalen Brunson,DAL,5,68,72,40,12.6,3.4,3.5,0.5,0.0,1.2,61.8,1.2,87,19.6,12.3,0
2020,99.2,Myles Turner,IND,8,47,72,22,12.6,6.5,1.0,0.9,3.4,1.4,59.9,1.5,113,16.7,9.0,0
2020,99.2,Seth Curry,PHI,1,57,72,39,12.5,2.4,2.7,0.8,0.1,1.1,60.7,2.2,0.11800000000000001,16.9,8.4,0
2020,99.2,Kyle Anderson,MEM,9,69,72,36,12.4,5.7,3.6,1.2,0.8,1.2,57.8,1.4,0.09699999999999999,18.1,12.1,0
2020,99.2,Aaron Gordon,DEN,3,50,72,29,12.4,5.7,3.2,0.7,0.7,1.9,54.7,1.2,84,20.4,9.5,0
2020,99.2,Brook Lopez,MIL,3,70,72,46,12.3,5.0,0.7,0.6,1.5,0.9,61.1,1.4,83,16.6,8.5,0
2020,99.2,Saddiq Bey,DET,15,70,72,19,12.2,4.5,1.4,0.7,0.2,0.9,56.7,2.5,76,18.2,9.2,0
2020,99.2,Eric Bledsoe,NOP,11,71,72,31,12.2,3.4,3.8,0.8,0.3,1.6,53.3,1.7,51,18.1,7.7,0
2020,99.2,Kevin Love,CLE,13,25,72,7,12.2,7.4,2.5,0.6,0.1,1.5,55.6,2.3,0.054000000000000006,21.1,12.3,0
2020,99.2,Josh Richardson,DAL,5,59,72,35,12.1,3.3,2.6,1.0,0.4,1.3,53.7,1.5,61,18.1,7.3,0
2020,99.2,Thaddeus Young,CHI,11,68,72,30,12.1,6.2,4.3,1.1,0.6,2.0,57.8,0.2,75,21.6,12.8,0
2020,99.2,Joe Ingles,UTA,1,67,72,47,12.1,3.6,4.7,0.7,0.2,1.7,67.2,2.7,0.13,16.2,11.2,0
2020,99.2,Jordan Poole,GSW,8,51,72,28,12.0,1.8,1.9,0.5,0.2,1.0,58.1,1.9,76,24.6,10.1,0
2020,99.2,Kevin Huerter,ATL,4,69,72,40,11.9,3.3,3.5,1.2,0.3,1.1,54.1,2.0,0.08199999999999999,16.7,7.7,0
2020,99.2,Malik Monk,CHA,10,42,72,19,11.7,2.4,2.1,0.5,0.1,1.3,56.9,2.0,75,22.7,9.6,0
2020,99.2,Hamidou Diallo,DET,15,52,72,18,11.6,5.2,1.9,0.8,0.5,1.5,54.1,0.5,0.07,21.8,9.9,0
2020,99.2,Davis Bertans,WAS,8,57,72,29,11.5,2.9,0.9,0.6,0.2,0.6,62.0,3.0,75,14.8,6.9,0
2020,99.2,James Wiseman,GSW,8,39,72,18,11.5,5.8,0.7,0.3,0.9,1.5,55.2,0.3,65,23.1,8.8,0
2020,99.2,Jusuf Nurkic,POR,5,37,72,22,11.5,9.0,3.4,1.0,1.1,2.0,55.4,0.3,0.08900000000000001,21.7,13.4,0
2020,99.2,Bobby Portis,MIL,3,66,72,44,11.4,7.1,1.1,0.8,0.4,0.8,59.8,1.1,76,20.2,13.3,0
2020,99.2,Immanuel Quickley,NYK,4,64,72,37,11.4,2.1,2.0,0.5,0.2,0.9,55.7,1.8,92,24.6,10.3,0
2020,99.2,Rudy Gay,SAS,10,63,72,29,11.4,4.8,1.4,0.7,0.6,1.0,53.2,1.7,107,23.0,10.8,0
2020,99.2,Lou Williams,ATL,4,66,72,44,11.3,2.1,3.4,0.7,0.1,1.6,51.9,1.0,65,24.4,9.6,0
2020,99.2,Jae'Sean Tate,HOU,15,70,72,17,11.3,5.3,2.5,1.2,0.5,1.4,57.6,0.9,76,16.1,8.3,0
2020,99.2,Cam Reddish,ATL,4,26,72,10,11.2,4.0,1.3,1.3,0.3,1.3,48.8,1.3,0.05,18.3,5.3,0
2020,99.2,Wendell Carter Jr.,ORL,14,54,72,21,11.2,8.2,1.9,0.6,0.8,1.4,56.6,0.3,53,18.8,11.5,0
2020,99.2,Naz Reid,MIN,13,70,72,22,11.2,4.6,1.0,0.5,1.1,1.0,59.9,0.9,47,21.8,11.3,0
2020,99.2,Enes Kanter,POR,5,72,72,42,11.2,11.0,1.2,0.5,0.7,1.1,63.6,0.0,42,16.9,14.1,0
2020,99.2,Armoni Brooks,HOU,15,20,72,3,11.2,3.4,1.5,0.6,0.3,1.1,56.5,3.0,39,17.5,6.8,0
2020,99.2,Lonnie Walker IV,SAS,10,60,72,28,11.2,2.6,1.7,0.5,0.3,1.1,52.3,1.7,0.036000000000000004,19.9,6.3,0
2020,99.2,Serge Ibaka,LAC,3,41,72,24,11.1,6.7,1.8,0.2,1.1,1.1,58.5,1.0,0.07200000000000001,20.0,11.5,0
2020,99.2,Nickeil Alexander-Walker,NOP,11,46,72,20,11.0,3.1,2.2,1.0,0.5,1.5,52.2,1.7,0.057999999999999996,22.8,8.8,0
2020,99.2,Jeff Green,BKN,2,68,72,44,11.0,3.9,1.6,0.5,0.4,0.8,62.4,1.5,63,15.4,8.3,0
2020,99.2,Blake Griffin,BKN,2,46,72,24,11.0,4.9,3.0,0.7,0.3,1.3,54.6,1.5,71,19.1,9.2,0
2020,99.2,Dwayne Bacon,ORL,14,72,72,21,10.9,3.1,1.3,0.6,0.1,0.6,49.0,0.8,0.06,19.3,6.9,0
2020,99.2,Reggie Bullock,NYK,4,65,72,38,10.9,3.4,1.5,0.8,0.2,0.7,60.6,2.5,0.11900000000000001,14.0,7.4,0
2020,99.2,Oshae Brissett,IND,8,21,72,10,10.9,5.5,0.9,0.9,1.0,0.5,63.8,1.6,73,14.9,9.6,0
2020,99.2,Patty Mills,SAS,10,68,72,31,10.8,1.7,2.4,0.6,0.0,1.0,57.0,2.4,105,17.7,7.9,0
2020,99.2,Cameron Oliver,HOU,15,4,72,1,10.8,5.3,1.3,0.5,1.0,0.8,61.9,1.0,0.027999999999999997,17.4,9.5,0
2020,99.2,Ty Jerome,OKC,14,33,72,7,10.7,2.8,3.6,0.6,0.2,1.4,58.5,2.2,0.06,18.1,9.5,0
2020,99.2,Reggie Jackson,LAC,3,67,72,43,10.7,2.9,3.1,0.6,0.1,1.1,57.6,1.8,77,19.5,9.1,0
2020,99.2,Grayson Allen,MEM,9,50,72,26,10.6,3.2,2.2,0.9,0.2,1.0,58.6,2.1,0.07200000000000001,16.4,8.4,0
2020,99.2,Justin Holiday,IND,8,72,72,34,10.5,3.6,1.7,1.0,0.6,0.8,57.1,2.4,85,13.8,6.5,0
2020,99.2,Donte DiVincenzo,MIL,3,66,72,44,10.4,5.8,3.1,1.1,0.2,1.4,54.2,2.0,94,16.3,8.7,0
2020,99.2,Cedi Osman,CLE,13,59,72,17,10.4,3.4,2.9,0.9,0.2,1.4,48.8,1.7,48,19.8,7.3,0
2020,99.2,Mason Plumlee,DET,15,56,72,14,10.4,9.3,3.6,0.8,0.9,1.9,63.8,0.0,0.052000000000000005,16.3,12.9,0
2020,99.2,Brandon Clarke,MEM,9,59,72,32,10.3,5.6,1.6,1.0,0.9,0.6,56.0,0.3,0.08,16.7,11.0,0
2020,99.2,Delon Wright,SAC,11,63,72,21,10.2,4.3,4.4,1.6,0.5,1.3,56.2,1.0,0.07,16.3,11.5,0
2020,99.2,Monte Morris,DEN,3,47,72,30,10.2,2.0,3.2,0.7,0.3,0.7,57.4,1.1,83,16.1,9.2,0
2020,99.2,Elfrid Payton,NYK,4,63,72,36,10.1,3.4,3.2,0.7,0.1,1.6,47.8,0.4,68,22.4,7.9,0
2020,99.2,Theo Maledon,OKC,14,65,72,20,10.1,3.2,3.5,0.9,0.2,2.2,48.9,1.6,57,18.8,6.3,0
2020,99.2,Jeremy Lamb,IND,8,36,72,16,10.1,3.6,1.5,0.9,0.6,0.6,58.7,1.4,46,18.0,9.8,0
2020,99.2,Jae Crowder,PHX,2,60,72,42,10.1,4.7,2.1,0.8,0.5,0.9,57.4,2.5,0.10400000000000001,15.2,8.1,0
2020,99.2,Bryn Forbes,MIL,3,70,72,45,10.0,1.6,0.6,0.3,0.0,0.6,63.1,2.2,0.055999999999999994,18.0,7.6,0
2020,99.2,Gary Harris,ORL,14,39,72,15,9.9,2.0,2.0,0.7,0.3,0.9,51.1,1.2,0.052000000000000005,16.4,5.3,0
2020,99.2,Dorian Finney-Smith,DAL,5,60,72,36,9.8,5.4,1.7,0.9,0.4,0.8,60.9,2.0,0.08,12.0,7.4,0
2020,99.2,Frank Jackson,DET,15,40,72,13,9.8,2.2,0.9,0.4,0.0,0.9,59.8,1.5,0.07400000000000001,20.7,9.3,0
2020,99.2,Kentavious Caldwell-Pope,LAL,5,67,72,39,9.7,2.7,1.9,0.9,0.4,1.0,58.8,1.8,111,13.9,7.0,0
2020,99.2,Mike Muscala,OKC,14,35,72,15,9.7,3.8,0.8,0.2,0.3,0.6,59.9,1.9,102,19.4,11.2,0
2020,99.2,Otto Porter Jr.,ORL,14,28,72,12,9.7,5.4,2.0,0.6,0.1,0.9,55.2,1.4,0.07200000000000001,18.4,11.6,0
2020,99.2,Daniel Theis,CHI,11,65,72,28,9.6,5.5,1.7,0.6,0.9,1.0,60.9,0.8,71,15.4,9.5,0
2020,99.2,Isaac Okoro,CLE,13,67,72,20,9.6,3.1,1.9,0.9,0.4,1.3,51.4,0.9,69,14.2,4.4,0
2020,99.2,Wayne Ellington,DET,15,46,72,13,9.6,1.8,1.5,0.4,0.2,0.7,62.5,2.5,0.040999999999999995,16.2,7.5,0
2020,99.2,Cameron Johnson,PHX,2,60,72,43,9.6,3.3,1.4,0.6,0.3,0.7,56.3,2.0,0.1,16.4,8.1,0
2020,99.2,Eric Paschall,GSW,8,40,72,20,9.5,3.2,1.3,0.3,0.2,1.1,56.1,0.5,51,23.4,9.8,0
2020,99.2,Taurean Prince,CLE,13,41,72,15,9.5,3.5,1.9,0.7,0.6,1.1,54.0,1.5,0.04,18.9,8.0,0
2020,99.2,Danny Green,PHI,1,69,72,46,9.5,3.8,1.7,1.3,0.8,1.0,58.2,2.5,109,13.8,7.3,0
2020,99.2,Trevor Ariza,MIA,6,30,72,17,9.4,4.8,1.8,1.0,0.6,0.7,54.2,1.7,0.08,14.9,7.7,0
2020,99.2,Cody Zeller,CHA,10,48,72,21,9.4,6.8,1.8,0.6,0.4,1.1,59.9,0.1,65,17.7,11.4,0
2020,99.2,Larry Nance Jr.,CLE,13,35,72,13,9.3,6.7,3.1,1.7,0.5,1.6,55.7,1.2,121,13.9,10.4,0
2020,99.2,Kenyon Martin Jr.,HOU,15,45,72,10,9.3,5.4,1.1,0.7,0.9,0.8,59.0,0.8,0.026000000000000002,15.4,9.0,0
2020,99.2,Landry Shamet,BKN,2,61,72,39,9.3,1.8,1.6,0.5,0.2,0.8,57.8,2.1,55,16.4,6.3,0
2020,99.2,Josh Hart,NOP,11,47,72,21,9.2,8.0,2.3,0.8,0.3,1.0,56.6,1.3,0.07200000000000001,13.3,10.0,0
2020,99.2,Patrick Williams,CHI,11,71,72,30,9.2,4.6,1.4,0.9,0.6,1.4,56.2,0.8,0.059000000000000004,14.6,7.1,0
2020,99.2,David Nwaba,HOU,15,30,72,8,9.2,3.9,1.0,1.0,0.7,0.6,55.7,0.6,84,16.3,8.9,0
2020,99.2,Desmond Bane,MEM,9,68,72,36,9.2,3.1,1.7,0.6,0.2,0.9,60.0,1.7,0.07200000000000001,15.5,8.0,0
2020,99.2,Furkan Korkmaz,PHI,1,55,72,39,9.1,2.1,1.5,0.9,0.2,0.8,54.4,1.8,92,19.5,8.9,0
2020,99.2,De'Anthony Melton,MEM,9,52,72,27,9.1,3.1,2.5,1.2,0.6,1.3,56.8,1.7,91,18.9,10.0,0
2020,99.2,Robin Lopez,WAS,8,71,72,34,9.0,3.8,0.8,0.2,0.6,1.1,66.1,0.1,64,16.9,10.2,0
2020,99.2,Ivica Zubac,LAC,3,72,72,47,9.0,7.2,1.3,0.3,0.9,1.1,69.3,0.0,75,14.7,11.7,0
2020,99.2,Jaylen Nowell,MIN,13,42,72,10,9.0,2.3,1.5,0.5,0.3,0.7,52.8,1.2,51,20.6,8.1,0
2020,99.2,Talen Horton-Tucker,LAL,5,65,72,39,9.0,2.6,2.8,1.0,0.3,1.6,53.6,0.6,95,21.0,9.4,0
2020,99.2,Paul Millsap,DEN,3,56,72,38,9.0,4.7,1.8,0.9,0.6,0.9,56.5,0.9,55,18.4,9.8,0
2020,99.2,DeMarcus Cousins,LAC,3,41,72,22,8.9,6.4,1.9,0.8,0.6,1.6,53.7,1.1,0.07400000000000001,23.9,13.0,0
2020,99.2,Michael Carter-Williams,ORL,14,31,72,12,8.8,4.5,4.2,0.8,0.5,2.2,44.9,0.5,0.11599999999999999,19.8,6.4,0
2020,99.2,Bruce Brown,BKN,2,65,72,45,8.8,5.4,1.6,0.9,0.4,0.8,60.4,0.3,0.054000000000000006,15.7,9.8,0
2020,99.2,Danuel House Jr.,HOU,15,36,72,8,8.8,3.7,1.9,0.6,0.4,1.0,52.5,1.5,46,15.3,6.5,0
2020,99.2,Jay Scrubb,LAC,3,4,72,2,8.8,3.5,0.3,1.0,0.0,1.8,45.8,0.5,31,21.7,5.1,0
2020,99.2,Dario Saric,PHX,2,50,72,37,8.7,3.8,1.3,0.6,0.1,1.1,56.7,0.9,85,21.8,9.4,0
2020,99.2,Isaiah Roby,OKC,14,61,72,19,8.7,5.6,1.8,0.9,0.6,1.9,55.5,0.5,49,17.1,8.4,0
2020,99.2,Terence Davis,SAC,11,61,72,26,8.7,2.5,1.4,0.7,0.2,1.0,55.5,1.6,55,21.3,8.7,0
2020,99.2,Raul Neto,WAS,8,64,72,30,8.7,2.4,2.3,1.1,0.1,0.8,57.5,1.0,67,15.5,8.6,0
2020,99.2,George Hill,PHI,1,30,72,16,8.7,2.0,2.4,0.8,0.2,1.0,59.6,1.0,67,16.1,8.8,0
2020,99.2,T.J. McConnell,IND,8,69,72,33,8.6,3.7,6.6,1.9,0.3,2.0,58.3,0.2,83,14.9,11.9,0
2020,99.2,Moses Brown,BOS,7,43,72,8,8.6,8.9,0.2,0.7,1.1,1.0,57.2,0.0,0.027999999999999997,15.7,11.4,0
2020,99.2,Jakob Poeltl,SAS,10,69,72,32,8.6,7.9,1.9,0.7,1.8,1.2,61.2,0.0,91,13.0,10.0,0
2020,99.2,Ricky Rubio,MIN,13,68,72,23,8.6,3.3,6.4,1.4,0.1,1.6,51.6,1.0,49,15.5,9.8,0
2020,99.2,Robert Covington,POR,5,70,72,42,8.5,6.7,1.7,1.4,1.2,0.9,55.3,1.9,64,11.4,7.2,0
2020,99.2,Svi Mykhailiuk,OKC,14,66,72,13,8.5,2.5,1.7,0.8,0.2,1.3,52.9,1.6,51,19.0,7.7,0
2020,99.2,Cameron Payne,PHX,2,60,72,42,8.4,2.4,3.6,0.6,0.3,1.0,60.2,1.2,64,19.3,11.7,0
2020,99.2,James Ennis III,ORL,14,41,72,12,8.4,4.0,1.5,0.8,0.2,0.9,61.3,1.1,63,13.7,7.7,0
2020,99.2,Gabriel Deck,OKC,14,10,72,1,8.4,4.0,2.4,0.8,0.0,0.6,54.8,0.2,24,15.9,10.0,0
2020,99.2,Mitchell Robinson,NYK,4,31,72,15,8.3,8.1,0.5,1.1,1.5,0.8,64.2,0.0,114,11.4,10.4,0
2020,99.2,Luke Kennard,LAC,3,63,72,44,8.3,2.6,1.7,0.4,0.1,0.8,60.8,1.6,0.036000000000000004,16.6,8.4,0
2020,99.2,Cory Joseph,DET,15,63,72,25,8.2,2.5,3.4,1.0,0.3,1.3,55.6,0.7,0.037000000000000005,15.9,7.9,0
2020,99.2,Sterling Brown,HOU,15,51,72,14,8.2,4.4,1.4,0.7,0.2,0.8,59.7,1.8,69,13.3,8.2,0
2020,99.2,Aleksej Pokusevski,OKC,14,45,72,13,8.2,4.7,2.2,0.4,0.9,2.2,43.0,1.3,42,19.7,5.8,0
2020,99.2,Hassan Whiteside,SAC,11,36,72,16,8.1,6.0,0.6,0.3,1.3,1.1,56.6,0.0,0.027999999999999997,22.7,12.3,0
2020,99.2,JaMychal Green,DEN,3,58,72,38,8.1,4.8,0.9,0.4,0.4,0.9,59.0,1.4,73,17.2,8.8,0
2020,99.2,Nicolas Batum,LAC,3,67,72,44,8.1,4.7,2.2,1.0,0.6,0.8,61.7,1.6,0.1,11.6,8.8,0
2020,99.2,Robert Williams III,BOS,7,52,72,29,8.0,6.9,1.8,0.8,1.8,1.0,71.9,0.0,48,14.5,15.2,0
2020,99.2,Tyrese Maxey,PHI,1,61,72,41,8.0,1.7,2.0,0.4,0.2,0.7,53.1,0.5,57,22.2,10.6,0
2020,99.2,Mo Bamba,ORL,14,46,72,11,8.0,5.8,0.8,0.3,1.3,0.8,55.6,0.8,25,21.0,12.3,0
2020,99.2,Kenrich Williams,OKC,14,66,72,21,8.0,4.1,2.3,0.8,0.3,1.2,59.9,0.8,61,14.8,9.0,0
2020,99.2,Austin Rivers,DEN,3,36,72,20,7.9,2.3,2.3,0.8,0.1,1.0,55.1,1.5,71,15.0,6.7,0
2020,99.2,Isaiah Stewart,DET,15,68,72,20,7.9,6.7,0.9,0.6,1.3,1.0,59.7,0.3,83,15.0,10.8,0
2020,99.2,Anfernee Simons,POR,5,64,72,37,7.8,2.2,1.4,0.3,0.1,0.7,58.9,1.9,31,18.0,7.9,0
2020,99.2,Willy Hernangomez,NOP,11,47,72,20,7.8,7.1,1.1,0.5,0.5,0.7,59.1,0.0,38,16.6,12.5,0
2020,99.2,Chuma Okeke,ORL,14,45,72,15,7.8,4.0,2.2,1.1,0.5,0.8,51.1,1.1,81,14.2,8.4,0
2020,99.2,Payton Pritchard,BOS,7,66,72,33,7.7,2.4,1.8,0.6,0.1,0.8,58.2,1.5,0.055999999999999994,16.2,8.2,0
2020,99.2,Tomas Satoransky,CHI,11,58,72,25,7.7,2.4,4.7,0.7,0.2,1.7,61.4,0.7,68,15.0,9.6,0
2020,99.2,P.J. Dozier,DEN,3,50,72,36,7.7,3.6,1.8,0.6,0.4,0.9,50.1,0.9,0.11699999999999999,16.6,7.6,0
2020,99.2,Mike James,BKN,2,13,72,9,7.7,2.5,4.2,0.5,0.1,1.5,48.1,0.8,48,23.1,9.2,0
2020,99.2,Naji Marshall,NOP,11,32,72,14,7.7,4.6,2.8,0.8,0.3,1.2,50.8,0.9,73,16.0,8.8,0
2020,99.2,D.J. Augustin,HOU,15,57,72,28,7.7,1.6,3.3,0.5,0.0,1.1,57.0,1.5,35,16.4,7.9,0
2020,99.2,Isaiah Thomas,NOP,11,3,72,1,7.7,1.3,1.7,0.3,0.0,2.0,41.2,1.0,99,27.4,3.3,0
2020,99.2,Ben McLemore,LAL,5,53,72,20,7.7,1.9,0.7,0.4,0.2,0.8,52.3,1.8,0.06,19.2,5.3,0
2020,99.2,Tristan Thompson,BOS,7,54,72,27,7.6,8.1,1.2,0.4,0.6,1.1,54.0,0.0,68,14.4,9.3,0
2020,99.2,Garrett Temple,CHI,11,56,72,25,7.6,2.9,2.2,0.8,0.5,1.0,52.5,1.2,0.09300000000000001,12.6,5.1,0
2020,99.2,Steven Adams,NOP,11,58,72,26,7.6,8.9,1.9,0.9,0.7,1.3,59.6,0.0,45,11.8,9.0,0
2020,99.2,Edmond Sumner,IND,8,53,72,23,7.5,1.8,0.9,0.6,0.2,1.0,62.6,0.7,0.040999999999999995,17.6,7.2,0
2020,99.2,Patrick Beverley,LAC,3,37,72,25,7.5,3.2,2.1,0.8,0.8,0.9,58.0,1.5,92,14.6,6.6,0
2020,99.2,Malachi Flynn,TOR,12,47,72,21,7.5,2.5,2.9,0.8,0.1,0.9,48.4,1.1,65,18.3,8.3,0
2020,99.2,Henry Ellenson,TOR,12,2,72,0,7.5,6.0,2.5,0.0,0.0,0.0,47.6,1.0,193,16.7,10.6,0
2020,99.2,Jaxson Hayes,NOP,11,60,72,24,7.5,4.3,0.6,0.4,0.6,0.7,67.5,0.1,73,15.6,12.3,0
2020,99.2,DeAndre Jordan,BKN,2,57,72,37,7.5,7.5,1.6,0.3,1.1,1.5,73.6,0.0,0.037000000000000005,12.8,11.2,0
2020,99.2,JJ Redick,DAL,5,44,72,22,7.4,1.5,1.2,0.3,0.1,0.8,56.4,1.5,0.05,18.4,6.7,0
2020,99.2,Jalen Harris,TOR,12,13,72,3,7.4,1.4,1.3,0.6,0.0,1.1,63.2,1.3,51,21.9,9.7,0
2020,99.2,Jalen McDaniels,CHA,10,47,72,18,7.4,3.6,1.1,0.6,0.4,1.0,55.4,0.7,0.037000000000000005,16.9,7.3,0
2020,99.2,Louis King,SAC,11,6,72,3,7.3,3.0,1.5,1.2,0.5,0.7,60.0,0.7,85,19.1,14.8,0
2020,99.2,JaVale McGee,DEN,3,46,72,21,7.3,5.2,0.8,0.4,1.2,1.3,54.1,0.1,0.06,22.8,11.5,0
2020,99.2,James Johnson,NOP,11,51,72,21,7.2,3.5,1.9,0.8,0.8,1.1,51.0,0.6,0.055999999999999994,16.6,7.1,0
2020,99.2,Juancho Hernangomez,MIN,13,52,72,19,7.2,3.9,0.7,0.4,0.1,0.5,54.9,1.1,0.027000000000000003,16.7,8.5,0
2020,99.2,Justin Jackson,MIL,3,34,72,12,7.2,2.3,1.5,0.4,0.1,0.9,51.6,1.1,69,19.5,7.7,0
2020,99.2,Aaron Holiday,IND,8,66,72,30,7.2,1.3,1.9,0.7,0.2,1.0,50.3,1.0,55,18.9,5.7,0
2020,99.2,Khem Birch,TOR,12,67,72,23,7.2,5.8,1.3,0.7,0.7,0.7,55.2,0.2,73,13.3,8.9,0
2020,99.2,Kent Bazemore,GSW,8,67,72,35,7.2,3.4,1.6,1.0,0.5,1.2,56.4,1.1,94,15.9,7.5,0
2020,99.2,Tony Bradley,OKC,14,42,72,15,7.1,5.7,0.9,0.4,0.7,0.8,67.8,0.0,48,15.4,13.2,0
2020,99.2,Dewayne Dedmon,MIA,6,16,72,11,7.1,5.4,0.8,0.6,0.4,0.8,73.5,0.1,64,18.3,14.9,0
2020,99.2,Maxi Kleber,DAL,5,50,72,31,7.1,5.2,1.4,0.5,0.7,0.6,60.6,1.7,0.09300000000000001,10.3,7.3,0
2020,99.2,Draymond Green,GSW,8,63,72,35,7.0,7.1,8.9,1.7,0.8,3.0,53.0,0.5,105,12.8,10.7,0
2020,99.2,Terance Mann,LAC,3,67,72,45,7.0,3.6,1.6,0.4,0.2,0.6,60.3,0.6,62,14.4,9.1,0
2020,99.2,Daniel Gafford,WAS,8,54,72,31,7.0,4.3,0.5,0.5,1.4,0.8,69.7,0.0,53,16.1,12.2,0
2020,99.2,Ignas Brazdeikis,ORL,14,13,72,3,7.0,3.5,1.3,0.3,0.2,0.9,51.0,0.8,35,17.1,6.3,0
2020,99.2,Royce O'Neale,UTA,1,71,72,51,7.0,6.8,2.5,0.8,0.5,1.2,59.9,1.5,0.12300000000000001,9.5,7.4,0
2020,99.2,Dwight Howard,PHI,1,69,72,46,7.0,8.4,0.9,0.4,0.9,1.6,61.0,0.1,73,17.3,13.0,0
2020,99.2,Georges Niang,UTA,1,72,72,52,6.9,2.4,0.8,0.3,0.1,0.7,60.2,1.7,0.09699999999999999,16.9,7.6,0
2020,99.2,R.J. Hampton,ORL,14,51,72,20,6.9,3.5,1.7,0.4,0.2,1.0,50.7,0.5,0.02,19.1,8.5,0
2020,99.2,Moritz Wagner,ORL,14,45,72,19,6.9,3.2,1.1,0.6,0.4,1.0,58.0,0.7,39,17.8,8.0,0
2020,99.2,Justise Winslow,MEM,9,26,72,13,6.8,4.5,1.9,0.6,0.5,1.4,39.5,0.4,0.08,21.2,6.0,0
2020,99.2,Derrick Jones Jr.,POR,5,58,72,32,6.8,3.5,0.8,0.6,0.9,0.6,57.6,0.7,0.044000000000000004,12.2,5.8,0
2020,99.2,Gorgui Dieng,SAS,10,38,72,14,6.8,3.7,1.3,0.7,0.4,0.8,67.0,0.8,32,16.9,12.0,0
2020,99.2,Pat Connaughton,MIL,3,69,72,44,6.8,4.8,1.2,0.7,0.3,0.5,57.8,1.5,0.09,11.3,7.9,0
2020,99.2,Jaden McDaniels,MIN,13,63,72,18,6.8,3.7,1.1,0.6,1.0,0.7,55.2,1.1,53,11.8,5.0,0
2020,99.2,Killian Hayes,DET,15,26,72,6,6.8,2.7,5.3,1.0,0.4,3.2,42.2,0.8,76,18.5,5.3,0
2020,99.2,Jeff Teague,MIL,3,55,72,27,6.7,1.6,2.4,0.6,0.2,1.2,56.2,0.7,0.052000000000000005,17.4,7.9,0
2020,99.2,Ish Smith,WAS,8,44,72,23,6.7,3.4,3.9,0.7,0.3,0.9,47.3,0.4,73,15.5,9.3,0
2020,99.2,Damyean Dotson,CLE,13,46,72,14,6.7,2.0,2.0,0.3,0.1,0.9,49.9,1.0,65,16.2,6.9,0
2020,99.2,Dennis Smith Jr.,DET,15,23,72,7,6.7,2.4,3.3,1.0,0.6,1.1,49.2,0.8,67,19.1,9.3,0
2020,99.2,Markieff Morris,LAL,5,61,72,32,6.7,4.4,1.2,0.4,0.3,0.9,50.9,1.1,84,16.0,7.6,0
2020,99.2,Abdel Nader,PHX,2,24,72,16,6.7,2.6,0.8,0.4,0.4,0.8,60.5,0.8,86,18.3,9.2,0
2020,99.2,Spencer Dinwiddie,BKN,2,3,72,2,6.7,4.3,3.0,0.7,0.3,1.7,53.6,0.7,0.21,15.4,10.2,0
2020,99.2,Trey Burke,DAL,5,62,72,35,6.6,0.9,1.3,0.6,0.1,0.5,54.4,0.9,46,19.3,7.6,0
2020,99.2,Nic Claxton,BKN,2,32,72,23,6.6,5.2,0.9,0.7,1.3,0.6,61.2,0.0,0.10099999999999999,13.6,10.9,0
2020,99.2,Xavier Tillman Sr.,MEM,9,59,72,31,6.6,4.3,1.3,0.7,0.6,0.8,60.5,0.4,76,14.2,9.5,0
2020,99.2,Alex Len,WAS,8,64,72,30,6.6,4.1,0.8,0.3,1.0,0.9,64.3,0.1,0.044000000000000004,16.1,9.7,0
2020,99.2,Frank Kaminsky,PHX,2,47,72,33,6.6,4.0,1.7,0.3,0.4,0.5,54.7,0.7,53,18.5,10.6,0
2020,99.2,Denzel Valentine,CHI,11,62,72,26,6.5,3.2,1.7,0.5,0.1,0.7,47.9,1.3,68,19.0,8.5,0
2020,99.2,Damion Lee,GSW,8,57,72,28,6.5,3.2,1.3,0.7,0.1,0.5,63.6,1.4,69,12.7,8.8,0
2020,99.2,Nemanja Bjelica,MIA,6,37,72,16,6.5,3.4,1.9,0.4,0.1,0.9,55.4,0.7,0.02,17.9,8.4,0
2020,99.2,Marquese Chriss,GSW,8,2,72,0,6.5,6.5,1.0,0.0,1.0,1.0,41.2,0.5,5,25.0,11.0,0
2020,99.2,Chasson Randle,ORL,14,41,72,10,6.5,2.0,1.8,0.5,0.1,1.1,51.5,1.1,48,15.4,5.4,0
2020,99.2,Avery Bradley,HOU,15,27,72,6,6.4,2.1,1.7,0.8,0.1,1.0,48.7,1.2,34,14.6,3.9,0
2020,99.2,Alex Caruso,LAL,5,58,72,32,6.4,2.9,2.8,1.1,0.3,1.3,54.7,0.9,0.11800000000000001,14.4,8.4,0
2020,99.2,Timothe Luwawu-Cabarrot,BKN,2,58,72,38,6.4,2.2,1.2,0.6,0.1,0.7,49.3,1.3,42,16.5,4.7,0
2020,99.2,Kira Lewis Jr.,NOP,11,54,72,23,6.4,1.3,2.3,0.7,0.2,0.6,47.7,0.7,62,17.6,6.4,0
2020,99.2,Deni Avdija,WAS,8,54,72,25,6.3,4.9,1.2,0.6,0.3,0.6,51.5,1.0,0.07400000000000001,11.8,6.0,0
2020,99.2,Tyus Jones,MEM,9,70,72,36,6.3,2.0,3.7,0.9,0.1,0.7,51.1,0.6,66,16.5,11.3,0
2020,99.2,Chimezie Metu,SAC,11,36,72,14,6.3,3.1,0.8,0.4,0.5,0.8,57.1,0.4,17,19.4,8.3,0
2020,99.2,Frank Mason,ORL,14,4,72,1,6.3,3.0,3.0,0.0,0.0,1.3,46.2,0.5,0.07200000000000001,17.0,5.9,0
2020,99.2,Robert Franks,ORL,14,7,72,0,6.1,2.0,0.7,0.4,0.4,0.3,63.8,0.7,1,14.8,9.1,0
2020,99.2,Aron Baynes,TOR,12,53,72,20,6.1,5.2,0.9,0.3,0.4,0.9,50.3,0.5,53,15.7,7.0,0
2020,99.2,Jaylen Hoard,OKC,14,19,72,1,6.1,3.4,1.3,0.7,0.3,0.9,54.7,0.0,0.059000000000000004,15.6,9.3,0
2020,99.2,Facundo Campazzo,DEN,3,65,72,43,6.1,2.1,3.6,1.2,0.2,1.1,55.8,1.2,76,12.8,7.4,0
2020,99.2,Max Strus,MIA,6,39,72,14,6.1,1.1,0.6,0.3,0.1,0.2,59.7,1.3,0.027000000000000003,17.9,7.2,0
2020,99.2,Dakota Mathias,PHI,1,8,72,4,6.0,0.9,1.6,0.1,0.4,0.1,47.4,1.0,0.059000000000000004,16.6,6.2,0
2020,99.2,Dean Wade,CLE,13,63,72,19,6.0,3.4,1.2,0.6,0.3,0.5,57.3,1.2,49,12.8,8.2,0
2020,99.2,Dwight Powell,DAL,5,58,72,36,5.9,4.0,1.1,0.6,0.5,0.7,68.8,0.1,0.059000000000000004,12.9,9.9,0
2020,99.2,Drew Eubanks,SAS,10,54,72,21,5.8,4.5,0.8,0.3,0.9,0.8,61.8,0.0,0.052000000000000005,16.6,11.5,0
2020,99.2,DeAndre' Bembry,TOR,12,51,72,23,5.7,2.9,2.1,1.0,0.4,1.4,57.0,0.3,73,14.2,7.9,0
2020,99.2,Jordan Nwora,MIL,3,30,72,19,5.7,2.0,0.2,0.6,0.3,0.8,58.6,0.9,0.037000000000000005,25.4,11.3,0
2020,99.2,Rodney McGruder,DET,15,16,72,3,5.7,1.4,1.0,0.5,0.1,0.4,61.9,0.7,17,17.9,9.7,0
2020,99.2,Juan Toscano-Anderson,GSW,8,53,72,28,5.7,4.4,2.8,0.8,0.5,1.2,67.6,0.7,92,10.8,9.8,0
2020,99.2,Mychal Mulder,GSW,8,60,72,33,5.6,1.0,0.4,0.2,0.2,0.3,61.3,1.4,46,15.7,6.2,0
2020,99.2,Donta Hall,ORL,14,13,72,3,5.6,4.8,0.8,0.4,0.8,0.6,73.1,0.0,67,13.5,14.5,0
2020,99.2,Yogi Ferrell,LAC,3,10,72,4,5.6,1.9,2.2,0.7,0.3,0.3,45.9,0.9,55,19.3,9.4,0
2020,99.2,Saben Lee,DET,15,48,72,14,5.6,2.0,3.6,0.7,0.3,1.1,53.6,0.2,43,17.1,9.6,0
2020,99.2,Freddie Gillespie,TOR,12,20,72,7,5.6,4.9,0.5,0.7,1.0,0.6,56.3,0.0,0.055999999999999994,12.0,7.5,0
2020,99.2,Anthony Lamb,HOU,15,24,72,3,5.5,2.9,1.0,0.3,0.2,0.8,52.3,1.0,33,14.4,5.0,0
2020,99.2,Jabari Parker,BOS,7,13,72,4,5.5,3.2,0.8,0.1,0.4,0.8,59.3,0.2,0.054000000000000006,17.5,11.7,0
2020,99.2,Garrison Mathews,WAS,8,64,72,32,5.5,1.4,0.4,0.5,0.1,0.2,63.5,1.2,35,11.1,5.2,0
2020,99.2,Brad Wanamaker,CHA,10,61,72,29,5.5,1.7,2.9,0.7,0.2,1.2,48.9,0.3,69,16.6,7.5,0
2020,99.2,Devin Vassell,SAS,10,62,72,30,5.5,2.8,0.9,0.7,0.3,0.4,52.4,0.8,0.06,13.8,7.1,0
2020,99.2,Torrey Craig,PHX,2,50,72,33,5.5,3.9,1.0,0.6,0.5,0.5,57.9,0.8,0.028999999999999998,14.1,8.6,0
2020,99.2,Derrick Favors,UTA,1,68,72,49,5.4,5.5,0.6,0.5,1.0,0.5,66.3,0.0,0.040999999999999995,12.5,11.1,0
2020,99.2,Justin Patton,HOU,15,13,72,1,5.4,3.8,1.1,0.9,1.1,0.3,48.8,0.7,32,12.8,6.5,0
2020,99.2,Tyler Johnson,BKN,2,39,72,29,5.4,2.0,1.2,0.4,0.0,0.4,54.6,1.2,51,13.2,5.9,0
2020,99.2,Rajon Rondo,LAC,3,45,72,28,5.4,2.4,4.4,0.8,0.1,1.8,54.4,0.8,0.07,16.6,11.0,0
2020,99.2,Jarred Vanderbilt,MIN,13,64,72,18,5.4,5.8,1.2,1.0,0.7,0.8,61.2,0.0,61,11.8,10.7,0
2020,99.2,Jahlil Okafor,DET,15,27,72,5,5.4,2.4,0.5,0.2,0.2,0.8,64.4,0.1,46,17.0,8.9,0
2020,99.2,Josh Okogie,MIN,13,59,72,21,5.4,2.6,1.1,0.9,0.5,0.7,52.4,0.5,38,11.9,4.5,0
2020,99.2,Taj Gibson,NYK,4,45,72,29,5.4,5.6,0.8,0.7,1.1,0.5,66.1,0.1,0.10800000000000001,9.5,9.5,0
2020,99.2,Tony Snell,ATL,4,47,72,29,5.3,2.4,1.3,0.3,0.2,0.4,70.8,1.3,55,8.4,6.0,0
2020,99.2,Jarrett Culver,MIN,13,34,72,7,5.3,3.1,0.7,0.5,0.3,0.8,47.6,0.4,48,17.9,5.7,0
2020,99.2,Willie Cauley-Stein,DAL,5,53,72,29,5.3,4.5,0.7,0.4,0.8,0.5,64.7,0.0,79,12.0,8.4,0
2020,99.2,Glenn Robinson III,SAC,11,23,72,9,5.3,2.0,0.9,0.2,0.1,0.5,55.4,0.7,-0.009000000000000001,13.5,5.7,0
2020,99.2,Mason Jones,PHI,1,32,72,10,5.3,1.7,1.3,0.2,0.0,0.9,55.6,0.8,38,21.7,9.2,0
2020,99.2,Maurice Harkless,SAC,11,37,72,16,5.2,2.4,1.2,0.8,0.5,0.6,52.7,0.6,49,11.4,4.4,0
2020,99.2,D.J. Wilson,HOU,15,35,72,13,5.2,3.2,0.7,0.3,0.5,0.6,51.1,0.9,35,19.5,8.7,0
2020,99.2,Alize Johnson,BKN,2,18,72,10,5.2,5.0,0.8,0.3,0.3,0.5,63.8,0.1,0.026000000000000002,17.5,17.4,0
2020,99.2,Dylan Windler,CLE,13,31,72,11,5.2,3.5,1.1,0.6,0.4,1.0,56.7,0.8,48,14.0,8.2,0
2020,99.2,Patrick Patterson,LAC,3,38,72,26,5.2,2.0,0.8,0.4,0.2,0.3,57.1,1.1,53,13.5,6.6,0
2020,99.2,Goga Bitadze,IND,8,45,72,19,5.1,3.3,0.8,0.2,1.3,0.4,52.3,0.4,43,16.9,7.8,0
2020,99.2,Jake Layman,MIN,13,45,72,12,5.1,1.5,0.6,0.6,0.4,0.6,57.7,0.5,55,14.7,7.4,0
2020,99.2,Isaiah Hartenstein,CLE,13,46,72,20,5.1,3.9,1.2,0.4,0.8,1.0,58.3,0.0,55,18.7,10.8,0
2020,99.2,Sekou Doumbouya,DET,15,56,72,15,5.1,2.6,0.8,0.4,0.2,0.8,45.9,0.5,42,17.6,4.5,0
2020,99.2,Nerlens Noel,NYK,4,64,72,35,5.1,6.4,0.7,1.1,2.2,1.0,63.8,0.0,86,9.2,8.2,0
2020,99.2,Marc Gasol,LAL,5,52,72,32,5.0,4.1,2.1,0.5,1.1,1.0,60.6,1.0,92,11.7,8.3,0
2020,99.2,Jordan McLaughlin,MIN,13,51,72,15,5.0,2.1,3.8,1.0,0.1,1.0,50.2,0.6,64,13.3,9.5,0
2020,99.2,Bismack Biyombo,CHA,10,66,72,28,5.0,5.3,1.2,0.3,1.1,1.1,57.4,0.0,0.054000000000000006,11.3,6.8,0
2020,99.2,Trey Lyles,SAS,10,23,72,10,5.0,3.7,0.6,0.3,0.0,0.3,57.4,0.6,35,12.8,9.8,0
2020,99.2,Precious Achiuwa,MIA,6,61,72,31,5.0,3.4,0.5,0.3,0.5,0.7,55.0,0.0,42,18.4,8.6,0
2020,99.2,Caleb Martin,CHA,10,53,72,23,5.0,2.7,1.3,0.7,0.2,0.6,46.5,0.6,51,16.4,6.7,0
2020,99.2,E'Twaun Moore,PHX,2,27,72,20,4.9,1.7,1.5,0.6,0.2,0.9,52.3,0.4,55,16.4,6.4,0
2020,99.2,Jerome Robinson,WAS,8,17,72,5,4.9,2.2,1.5,0.7,0.4,1.1,40.0,0.6,0.04,16.1,3.1,0
2020,99.2,Tyler Cook,DET,15,32,72,11,4.9,3.0,0.5,0.3,0.1,0.7,65.9,0.0,39,13.6,8.8,0
2020,99.2,Brandon Goodwin,ATL,4,47,72,25,4.9,1.5,2.0,0.4,0.0,0.8,47.1,0.7,45,19.0,7.2,0
2020,99.2,Gabe Vincent,MIA,6,50,72,27,4.8,1.1,1.3,0.4,0.0,0.7,49.8,0.9,0.04,18.4,4.9,0
2020,99.2,Wesley Matthews,LAL,5,58,72,33,4.8,1.6,0.9,0.7,0.3,0.4,51.7,1.1,0.09,11.1,4.4,0
2020,99.2,Langston Galloway,PHX,2,40,72,29,4.8,1.1,0.7,0.2,0.0,0.3,60.5,0.9,43,16.3,7.6,0
2020,99.2,Aaron Nesmith,BOS,7,46,72,22,4.7,2.8,0.5,0.3,0.2,0.5,57.3,0.9,0.05,13.3,6.0,0
2020,99.2,Troy Brown Jr.,CHI,11,34,72,10,4.7,3.1,0.9,0.3,0.2,0.6,52.5,0.6,0.06,14.1,6.7,0
2020,99.2,Boban Marjanovic,DAL,5,33,72,14,4.7,3.9,0.3,0.1,0.2,0.4,56.2,0.0,48,23.1,16.2,0
2020,99.2,Damian Jones,SAC,11,39,72,24,4.7,3.1,0.7,0.3,0.7,0.7,71.2,0.0,45,12.0,8.3,0
2020,99.2,Grant Williams,BOS,7,63,72,30,4.7,2.8,1.0,0.5,0.4,0.9,54.6,0.8,61,12.0,4.0,0
2020,99.2,Semi Ojeleye,BOS,7,56,72,28,4.6,2.6,0.7,0.3,0.0,0.4,55.3,1.0,63,11.4,6.3,0
2020,99.2,JaKarr Sampson,IND,8,29,72,14,4.6,2.7,0.1,0.1,0.5,0.5,53.3,0.1,38,17.7,5.9,0
2020,99.2,Nassir Little,POR,5,48,72,27,4.6,2.7,0.5,0.1,0.3,0.4,58.9,0.6,0.009000000000000001,13.5,7.2,0
2020,99.2,Onyeka Okongwu,ATL,4,50,72,31,4.6,3.3,0.4,0.5,0.7,0.6,65.5,0.0,0.028999999999999998,14.1,8.7,0
2020,99.2,Kelan Martin,IND,8,35,72,16,4.5,2.2,0.5,0.3,0.3,0.5,55.1,0.7,57,19.9,9.9,0
2020,99.2,Rodney Hood,TOR,12,55,72,29,4.5,1.9,1.0,0.4,0.1,0.7,45.2,0.6,33,13.9,3.7,0
2020,99.2,Solomon Hill,ATL,4,71,72,41,4.5,3.0,1.1,0.7,0.2,0.6,49.8,1.0,63,10.2,4.5,0
2020,99.2,Charlie Brown Jr.,OKC,14,9,72,1,4.4,1.9,1.0,0.4,0.2,0.7,42.2,0.6,39,14.0,2.1,0
2020,99.2,Al-Farouq Aminu,CHI,11,23,72,5,4.4,4.8,1.3,0.8,0.4,1.2,46.9,0.3,63,13.8,7.5,0
2020,99.2,Stanley Johnson,TOR,12,61,72,25,4.4,2.5,1.5,0.9,0.3,0.9,51.9,0.7,0.044000000000000004,13.0,5.6,0
2020,99.2,Andre Iguodala,MIA,6,63,72,37,4.4,3.5,2.3,0.9,0.6,1.1,51.9,1.0,78,10.9,7.2,0
2020,99.2,Yuta Watanabe,TOR,12,50,72,24,4.4,3.2,0.8,0.5,0.4,0.4,56.5,0.7,55,12.1,8.9,0
2020,99.2,Chandler Hutchison,WAS,8,25,72,11,4.3,3.1,0.7,0.5,0.2,0.8,46.9,0.3,0.036000000000000004,15.5,6.1,0
2020,99.2,John Konchar,MEM,9,43,72,23,4.3,3.0,1.1,0.7,0.2,0.4,60.8,0.5,47,12.4,9.8,0
2020,99.2,Devin Cannady,ORL,14,8,72,0,4.3,0.6,0.1,0.6,0.1,0.3,54.7,0.8,0.018000000000000002,18.1,6.1,0
2020,99.2,Mike Scott,PHI,1,51,72,35,4.2,2.4,0.8,0.5,0.3,0.4,49.2,1.0,73,11.6,5.0,0
2020,99.2,Jevon Carter,PHX,2,60,72,42,4.1,1.5,1.2,0.5,0.2,0.3,54.8,0.9,46,14.6,7.5,0
2020,99.2,Lamar Stevens,CLE,13,40,72,13,4.1,2.4,0.6,0.4,0.3,0.6,52.1,0.1,38,15.2,7.2,0
2020,99.2,Kevon Looney,GSW,8,61,72,34,4.1,5.3,2.0,0.3,0.4,0.6,57.5,0.1,81,9.2,8.0,0
2020,99.2,Paul Watson,TOR,12,27,72,13,4.1,1.7,0.6,0.2,0.1,0.3,64.9,1.1,0.026000000000000002,13.3,7.1,0
2020,99.2,Nico Mannion,GSW,8,30,72,17,4.1,1.5,2.3,0.5,0.0,1.0,48.7,0.7,31,18.6,7.5,0
2020,99.2,DaQuan Jeffries,SAS,10,31,72,6,4.1,2.3,0.7,0.5,0.3,0.5,51.4,0.6,35,11.4,4.5,0
2020,99.2,Josh Hall,OKC,14,21,72,2,4.1,2.8,1.3,0.2,0.0,1.2,36.3,0.2,33,17.4,1.5,0
2020,99.2,Obi Toppin,NYK,4,62,72,36,4.1,2.2,0.5,0.3,0.2,0.4,57.4,0.4,46,15.7,9.3,0
2020,99.2,Darius Miller,OKC,14,18,72,5,4.1,1.3,1.2,0.7,0.3,0.4,68.5,0.9,73,12.7,11.5,0
2020,99.2,Chris Chiozza,BKN,2,22,72,12,4.0,1.1,3.0,0.3,0.3,0.7,46.1,0.6,55,20.0,9.3,0
2020,99.2,Jordan Bone,ORL,14,14,72,2,4.0,1.7,1.3,0.1,0.0,0.2,51.9,0.7,34,12.1,6.7,0
2020,99.2,Udonis Haslem,MIA,6,1,72,1,4.0,1.0,0.0,0.0,0.0,0.0,100.0,0.0,21,28.6,45.5,0
2020,99.2,Cody Martin,CHA,10,52,72,26,4.0,3.1,1.7,0.7,0.2,0.8,50.0,0.3,61,12.3,7.3,0
2020,99.2,Carsen Edwards,BOS,7,31,72,14,4.0,0.8,0.5,0.2,0.0,0.2,52.7,0.6,31,18.7,6.4,0
2020,99.2,Matisse Thybulle,PHI,1,65,72,46,3.9,1.9,1.0,1.6,1.1,0.5,50.8,0.7,95,9.0,5.3,0
2020,99.2,Brodric Thomas,CLE,13,32,72,6,3.9,1.7,0.9,0.5,0.3,0.7,48.7,0.5,47,15.8,5.2,0
2020,99.2,Kevin Knox II,NYK,4,42,72,26,3.9,1.5,0.5,0.3,0.1,0.4,53.7,0.8,53,15.2,6.5,0
2020,99.2,Justin James,SAC,11,36,72,15,3.9,0.8,0.6,0.2,0.1,0.4,54.8,0.4,31,19.2,6.6,0
2020,99.2,Dante Exum,HOU,15,6,72,3,3.8,2.8,2.2,0.7,0.3,1.2,42.8,0.3,141,11.9,5.8,0
2020,99.2,Ersan Ilyasova,UTA,1,17,72,14,3.8,1.7,0.2,0.6,0.2,0.5,57.8,1.1,45,19.0,6.2,0
2020,99.2,Tremont Waters,BOS,7,26,72,13,3.8,0.8,2.4,0.6,0.0,1.0,54.1,0.6,35,20.4,11.0,0
2020,99.2,Nathan Knight,ATL,4,33,72,21,3.8,2.2,0.2,0.3,0.3,0.5,49.9,0.2,34,20.7,8.9,0
2020,99.2,Skylar Mays,ATL,4,33,72,19,3.8,1.1,0.9,0.4,0.1,0.3,56.9,0.4,0.036000000000000004,18.6,11.3,0
2020,99.2,Thon Maker,CLE,13,8,72,3,3.8,2.3,0.5,0.3,0.5,0.4,65.7,0.0,49,14.5,13.4,0
2020,99.2,Isaiah Joe,PHI,1,41,72,22,3.7,0.9,0.5,0.3,0.1,0.3,53.3,1.0,0.044000000000000004,16.3,5.8,0
2020,99.2,P.J. Tucker,MIL,3,52,72,27,3.7,3.9,1.2,0.8,0.4,0.8,51.0,0.8,45,7.2,3.4,0
2020,99.2,Luka Samanic,SAS,10,33,72,14,3.7,2.1,0.5,0.2,0.2,0.6,51.8,0.4,45,18.7,6.5,0
2020,99.2,Javonte Green,CHI,11,41,72,19,3.6,1.7,0.4,0.7,0.1,0.5,61.0,0.2,46,12.2,6.9,0
2020,99.2,Wenyen Gabriel,NOP,11,21,72,9,3.4,2.6,0.5,0.4,0.4,0.7,53.3,0.6,51,13.5,5.5,0
2020,99.2,Luke Kornet,BOS,7,31,72,13,3.4,2.2,0.8,0.1,1.0,0.2,51.1,0.5,71,13.5,8.7,0
2020,99.2,Paul Reed,PHI,1,26,72,17,3.4,2.3,0.5,0.4,0.5,0.5,54.0,0.0,0.05,20.8,13.2,0
2020,99.2,Meyers Leonard,MIA,6,3,72,2,3.3,2.3,0.7,0.0,0.0,0.7,63.5,1.0,48,15.2,6.7,0
2020,99.2,Quinn Cook,CLE,13,23,72,13,3.3,0.7,0.8,0.2,0.0,0.3,53.1,0.5,34,20.4,9.8,0
2020,99.2,Zeke Nnaji,DEN,3,42,72,30,3.2,1.5,0.2,0.2,0.1,0.2,61.5,0.6,23,12.6,7.4,0
2020,99.2,Amir Coffey,LAC,3,44,72,32,3.2,1.0,0.5,0.2,0.0,0.3,58.5,0.5,53,14.5,7.0,0
2020,99.2,Killian Tillie,MEM,9,18,72,11,3.2,1.3,0.4,0.3,0.4,0.1,46.1,0.6,68,14.8,4.7,0
2020,99.2,Mamadi Diakite,MIL,3,14,72,7,3.1,2.4,0.6,0.4,0.4,0.2,47.7,0.1,66,14.2,8.1,0
2020,99.2,Alfonzo McKinnie,LAL,5,39,72,22,3.1,1.4,0.2,0.2,0.0,0.1,60.4,0.4,39,16.4,10.0,0
2020,99.2,Romeo Langford,BOS,7,18,72,9,3.1,1.9,0.7,0.3,0.3,0.6,43.6,0.3,0.057999999999999996,11.1,3.0,0
2020,99.2,Ryan Arcidiacono,CHI,11,44,72,20,3.1,1.5,1.3,0.2,0.0,0.2,54.1,0.6,49,12.8,7.8,0
2020,99.2,Matt Thomas,UTA,1,45,72,27,3.1,1.0,0.4,0.1,0.0,0.3,52.2,0.6,25,18.7,7.1,0
2020,99.2,Anthony Gill,WAS,8,26,72,11,3.1,2.0,0.4,0.4,0.2,0.3,59.7,0.3,0.037000000000000005,14.3,8.9,0
2020,99.2,Jahmi'us Ramsey,SAC,11,13,72,5,3.1,0.8,0.5,0.3,0.1,0.2,49.8,0.4,0.037000000000000005,18.3,6.3,0
2020,99.2,Gary Clark,PHI,1,39,72,12,3.1,2.9,0.8,0.3,0.2,0.4,43.6,0.8,0.044000000000000004,9.7,4.4,0
2020,99.2,Cameron Reynolds,HOU,15,5,72,3,3.0,1.0,0.4,0.0,0.0,0.0,41.7,0.6,0.026000000000000002,18.2,4.2,0
2020,99.2,Reggie Perry,BKN,2,26,72,18,3.0,2.8,0.5,0.2,0.2,0.6,46.6,0.2,0.018000000000000002,19.0,6.4,0
2020,99.2,Nicolo Melli,DAL,5,45,72,26,3.0,2.7,1.0,0.3,0.1,0.3,44.1,0.5,0.055999999999999994,12.3,6.4,0
2020,99.2,Sam Merrill,MIL,3,30,72,18,3.0,1.0,0.7,0.3,0.0,0.3,60.3,0.7,25,14.6,8.4,0
2020,99.2,Trent Forrest,UTA,1,30,72,22,2.9,1.5,1.5,0.3,0.1,0.7,55.4,0.2,0.013999999999999999,14.4,7.8,0
2020,99.2,Thanasis Antetokounmpo,MIL,3,57,72,37,2.9,2.2,0.8,0.4,0.2,0.8,52.3,0.1,48,14.7,5.5,0
2020,99.2,Harry Giles III,POR,5,38,72,23,2.8,3.5,0.8,0.2,0.3,0.5,49.6,0.2,0.026000000000000002,15.4,9.5,0
2020,99.2,Markus Howard,DEN,3,37,72,24,2.8,0.6,0.5,0.1,0.0,0.5,47.7,0.5,0.018000000000000002,25.0,4.6,0
2020,99.2,Bruno Caboclo,HOU,15,6,72,1,2.8,2.3,0.2,0.0,0.3,0.7,47.5,0.0,51,23.2,11.3,0
2020,99.2,Kyle Guy,SAC,11,31,72,11,2.8,1.1,1.0,0.2,0.0,0.4,44.9,0.4,21,18.5,6.2,0
2020,99.2,Matthew Dellavedova,CLE,13,13,72,4,2.8,1.8,4.5,0.3,0.1,0.5,31.2,0.3,45,12.5,5.2,0
2020,99.2,Frank Ntilikina,NYK,4,33,72,23,2.7,0.9,0.6,0.5,0.1,0.3,51.2,0.7,51,13.4,3.6,0
2020,99.2,Didi Louzada,NOP,11,3,72,0,2.7,1.0,1.0,0.7,0.0,1.0,30.8,0.7,61,11.4,-1.2,0
2020,99.2,Keita Bates-Diop,SAS,10,30,72,13,2.6,1.6,0.4,0.4,0.2,0.2,51.8,0.2,0.022000000000000002,14.4,8.8,0
2020,99.2,Amida Brimah,IND,8,5,72,2,2.6,1.6,0.2,0.0,1.0,0.8,69.7,0.0,71,17.6,11.1,0
2020,99.2,Anderson Varejao,CLE,13,5,72,1,2.6,4.0,0.6,0.0,0.4,0.2,32.6,0.0,-6,22.8,9.0,0
2020,99.2,Josh Green,DAL,5,39,72,20,2.6,2.0,0.7,0.4,0.1,0.4,49.0,0.1,0.054000000000000006,11.2,5.7,0
2020,99.2,Grant Riller,CHA,10,7,72,2,2.6,0.1,0.4,0.1,0.0,0.1,75.0,0.3,21,22.0,21.1,0
2020,99.2,Tre Jones,SAS,10,37,72,15,2.5,0.6,1.1,0.2,0.0,0.4,54.4,0.1,0.018000000000000002,15.9,8.4,0
2020,99.2,Gary Payton II,GSW,8,10,72,7,2.5,1.1,0.1,0.6,0.1,0.1,84.7,0.2,25,15.3,16.4,0
2020,99.2,Jordan Bell,GSW,8,6,72,3,2.5,4.0,1.2,0.5,0.8,0.7,32.8,0.0,32,14.0,6.8,0
2020,99.2,KZ Okpala,MIA,6,37,72,22,2.5,1.8,0.5,0.3,0.3,0.4,44.8,0.3,39,11.5,2.4,0
2020,99.2,Tacko Fall,BOS,7,19,72,13,2.5,2.7,0.2,0.1,1.1,0.3,66.0,0.0,0.027999999999999997,12.7,10.2,0
2020,99.2,Rondae Hollis-Jefferson,POR,5,11,72,6,2.5,2.4,1.2,0.2,0.4,0.2,53.9,0.0,23,10.5,7.4,0
2020,99.2,Jeremiah Martin,CLE,13,9,72,0,2.4,0.8,0.4,0.6,0.2,0.7,31.3,0.3,8,22.0,1.0,0
2020,99.2,Mfiondu Kabengele,CLE,13,39,72,20,2.4,1.5,0.4,0.2,0.3,0.4,48.6,0.3,0.03,16.8,6.5,0
2020,99.2,Rayjon Tucker,PHI,1,14,72,8,2.4,0.8,0.4,0.1,0.0,0.3,64.5,0.1,0.03,17.6,11.9,0
2020,99.2,Vernon Carey Jr.,CHA,10,19,72,9,2.4,1.4,0.1,0.1,0.3,0.3,56.3,0.1,0.022000000000000002,17.8,7.9,0
2020,99.2,Wes Iwundu,NOP,11,41,72,17,2.4,2.2,0.4,0.4,0.1,0.5,42.8,0.1,0.040999999999999995,10.3,3.5,0
2020,99.2,Justin Robinson,OKC,14,9,72,0,2.3,0.8,1.0,0.3,0.0,0.2,45.3,0.4,2,11.1,3.3,0
2020,99.2,Quinndary Weatherspoon,SAS,10,20,72,8,2.3,0.6,0.4,0.4,0.1,0.5,54.7,0.1,0.006999999999999999,18.0,4.6,0
2020,99.2,Jarrell Brantley,UTA,1,28,72,23,2.3,1.0,0.5,0.3,0.1,0.3,60.5,0.4,0.013000000000000001,18.2,9.6,0
2020,99.2,CJ Elleby,POR,5,30,72,19,2.3,1.1,0.3,0.2,0.1,0.2,46.8,0.2,0.026000000000000002,16.0,4.7,0
2020,99.2,Sean McDermott,MEM,9,18,72,10,2.2,1.1,0.2,0.1,0.2,0.2,53.4,0.3,0.036000000000000004,10.1,5.2,0
2020,99.2,Bol Bol,DEN,3,32,72,21,2.2,0.8,0.2,0.1,0.3,0.4,53.4,0.3,2,19.1,5.7,0
2020,99.2,Shaquille Harrison,DEN,3,34,72,27,2.1,1.4,0.7,0.5,0.1,0.3,41.6,0.1,0.037000000000000005,12.4,4.7,0
2020,99.2,Chris Silva,SAC,11,15,72,8,2.1,1.8,0.4,0.1,0.4,0.7,70.8,0.1,38,15.1,6.4,0
2020,99.2,Devon Dotson,CHI,11,11,72,4,2.1,0.5,0.6,0.4,0.0,0.0,54.8,0.1,49,16.0,16.6,0
2020,99.2,Ed Davis,MIN,13,23,72,5,2.1,5.0,0.9,0.6,0.6,0.3,48.7,0.0,0.044000000000000004,7.8,7.9,0
2020,99.2,Vlatko Cancar,DEN,3,41,72,28,2.1,1.2,0.3,0.3,0.0,0.3,54.7,0.2,0.013999999999999999,13.2,6.9,0
2020,99.2,Deividas Sirvydis,DET,15,20,72,8,2.1,1.5,0.3,0.1,0.0,0.3,48.1,0.5,0.027000000000000003,15.0,7.0,0
2020,99.2,Jontay Porter,MEM,9,11,72,7,2.0,1.3,0.1,0.3,0.1,0.6,64.0,0.3,0.040999999999999995,18.2,6.7,0
2020,99.2,Ray Spalding,HOU,15,2,72,0,2.0,2.0,0.0,0.0,1.0,1.5,41.0,0.0,42,15.7,-2.6,0
2020,99.2,Jalen Smith,PHX,2,27,72,19,2.0,1.4,0.1,0.0,0.1,0.3,49.9,0.1,0.018000000000000002,16.1,5.9,0
2020,99.2,Nate Hinton,DAL,5,21,72,11,2.0,0.4,0.4,0.3,0.1,0.2,44.2,0.2,0.006999999999999999,21.7,6.6,0
2020,99.2,Sindarius Thornwell,ORL,14,21,72,7,2.0,0.9,1.0,0.6,0.1,0.3,41.4,0.3,49,11.0,4.3,0
2020,99.2,Devontae Cacok,LAL,5,20,72,8,2.0,1.6,0.1,0.3,0.2,0.3,57.6,0.0,33,15.4,11.4,0
2020,99.2,Isaac Bonga,WAS,8,40,72,16,2.0,1.7,0.6,0.3,0.2,0.6,46.1,0.3,0.057999999999999996,10.1,2.2,0
2020,99.2,Miye Oni,UTA,1,54,72,45,1.9,1.6,0.5,0.2,0.1,0.3,51.7,0.6,61,9.5,4.0,0
2020,99.2,Alen Smailagic,GSW,8,15,72,10,1.9,1.1,0.3,0.2,0.3,0.3,47.2,0.3,0.013000000000000001,16.5,4.3,0
2020,99.2,Cassius Winston,WAS,8,22,72,10,1.9,0.4,0.5,0.1,0.0,0.2,57.5,0.4,8,18.2,7.9,0
2020,99.2,Daniel Oturu,LAC,3,30,72,21,1.8,1.6,0.3,0.1,0.2,0.3,47.1,0.0,0.027999999999999997,17.4,7.3,0
2020,99.2,Axel Toupane,MIL,3,8,72,2,1.8,0.8,0.5,0.3,0.4,0.0,49.7,0.1,55,9.2,6.0,0
2020,99.2,Elijah Hughes,UTA,1,18,72,14,1.7,0.5,0.3,0.1,0.1,0.3,48.8,0.4,0.0,24.2,7.1,0
2020,99.2,T.J. Leaf,POR,5,7,72,6,1.7,0.7,0.1,0.3,0.1,0.3,55.1,0.0,17,13.8,8.4,0
2020,99.2,James Nunnally,NOP,11,9,72,3,1.7,1.0,0.3,0.0,0.0,0.2,54.0,0.4,0.027000000000000003,12.9,7.5,0
2020,99.2,Tim Frazier,MEM,9,5,72,5,1.6,1.6,3.2,0.4,0.2,0.8,17.7,0.0,0.11599999999999999,17.8,1.2,0
2020,99.2,Anthony Tolliver,PHI,1,11,72,7,1.5,0.9,0.2,0.3,0.2,0.3,43.3,0.4,77,9.0,2.2,0
2020,99.2,Bruno Fernando,ATL,4,33,72,20,1.5,2.4,0.3,0.1,0.1,0.6,47.5,0.0,33,13.3,6.9,0
2020,99.2,Norvel Pelle,NYK,4,13,72,8,1.5,1.5,0.2,0.1,0.7,0.2,56.7,0.0,39,10.6,5.3,0
2020,99.2,Robert Woodard II,SAC,11,13,72,3,1.5,1.2,0.2,0.0,0.2,0.1,42.5,0.1,21,21.0,7.9,0
2020,99.2,Cassius Stanley,IND,8,24,72,10,1.5,0.8,0.0,0.0,0.1,0.0,38.3,0.1,0.037000000000000005,19.8,2.7,0
2020,99.2,Rodions Kurucs,MIL,3,21,72,10,1.5,1.1,0.5,0.4,0.2,0.6,45.9,0.3,33,14.5,4.4,0
2020,99.2,Nate Darling,CHA,10,7,72,3,1.3,0.1,0.1,0.0,0.1,0.1,54.1,0.3,-2,13.3,4.8,0
2020,99.2,Cristiano Felicio,CHI,11,18,72,6,1.3,1.4,0.5,0.2,0.0,0.2,57.4,0.0,42,11.7,11.2,0
2020,99.2,Jalen Lecque,IND,8,4,72,2,1.3,1.3,0.5,0.0,0.0,0.0,24.2,0.0,0.026000000000000002,26.3,12.0,0
2020,99.2,Kris Dunn,ATL,4,4,72,1,1.3,1.5,0.5,0.5,0.5,0.8,18.2,0.0,0.01,15.7,-6.0,0
2020,99.2,Juwan Morgan,UTA,1,29,72,24,1.2,1.0,0.3,0.1,0.0,0.1,52.9,0.1,-5,10.2,4.4,0
2020,99.2,Andre Roberson,BKN,2,5,72,4,1.2,3.0,0.8,0.6,0.2,0.4,20.2,0.2,8,11.7,2.3,0
2020,99.2,Marques Bolden,CLE,13,6,72,2,1.2,1.0,0.0,0.3,0.3,0.3,53.7,0.0,73,13.6,11.5,0
2020,99.2,Karim Mane,ORL,14,10,72,2,1.1,1.4,0.4,0.0,0.2,0.3,36.2,0.1,24,8.5,1.7,0
2020,99.2,Adam Mokoka,CHI,11,14,72,3,1.1,0.4,0.4,0.1,0.1,0.4,38.6,0.1,38,17.1,2.5,0
2020,99.2,Udoka Azubuike,UTA,1,15,72,13,1.1,0.9,0.0,0.1,0.3,0.2,59.7,0.0,-4,11.9,5.4,0
2020,99.2,Iman Shumpert,BKN,2,2,72,1,1.0,0.5,0.0,0.5,0.0,0.5,25.0,0.0,0.04,18.5,-1.1,0
2020,99.2,Malik Fitts,LAC,3,3,72,3,1.0,1.0,0.0,0.0,0.0,0.0,50.0,0.3,0.006999999999999999,12.0,2.9,0
2020,99.2,Patrick McCaw,TOR,12,5,72,2,1.0,0.6,0.8,0.4,0.0,0.0,107.8,0.0,-0.03,2.6,5.7,0
2020,99.2,Tyler Bey,DAL,5,18,72,11,1.0,1.1,0.2,0.0,0.1,0.2,37.2,0.1,0.01,14.3,3.8,0
2020,99.2,Tyrell Terry,DAL,5,11,72,2,1.0,0.5,0.5,0.5,0.0,0.2,31.8,0.0,51,13.5,6.7,0
2020,99.2,Nick Richards,CHA,10,18,72,9,0.8,0.6,0.1,0.0,0.0,0.2,54.2,0.0,17,11.1,3.3,0
2020,99.2,Kostas Antetokounmpo,LAL,5,15,72,6,0.8,1.3,0.1,0.1,0.3,0.7,38.2,0.0,46,17.2,0.5,0
2020,99.2,Vincent Poirier,PHI,1,10,72,8,0.8,1.4,0.2,0.0,0.3,0.4,27.3,0.0,19,19.4,-2.0,0
2020,99.2,Keljin Blevins,POR,5,17,72,11,0.7,0.6,0.2,0.1,0.0,0.3,30.0,0.1,19,12.6,-0.5,0
2020,99.2,Ty-Shon Alexander,PHX,2,15,72,11,0.6,0.7,0.4,0.0,0.1,0.2,34.9,0.1,0.013000000000000001,14.3,5.2,0
2020,99.2,Brian Bowen II,IND,8,6,72,1,0.5,0.5,0.0,0.0,0.0,0.0,33.8,0.0,0.026000000000000002,9.8,4.5,0
2020,99.2,Jared Dudley,LAL,5,12,72,7,0.5,1.8,0.4,0.1,0.1,0.2,33.3,0.2,42,5.6,5.5,0
2020,99.2,Jared Harper,NYK,4,8,72,5,0.4,0.3,0.1,0.0,0.0,0.4,26.0,0.0,19,20.0,-5.2,0
2020,99.2,Jaylen Adams,MIL,3,7,72,5,0.3,0.4,0.3,0.0,0.0,0.0,12.5,0.0,16,17.8,-1.7,0
2020,99.2,Terrance Ferguson,PHI,1,13,72,10,0.2,0.1,0.2,0.1,0.0,0.3,14.3,0.0,16,9.4,-6.5,0
2020,99.2,Theo Pinson,NYK,4,17,72,9,0.1,0.3,0.1,0.0,0.0,0.1,11.1,0.0,0.013999999999999999,11.8,-4.0,0
2020,99.2,Anzejs Pasecniks,WAS,8,1,72,1,0.0,1.0,1.0,0.0,0.0,5.0,0.0,0.0,-71,37.5,-26.0,0
2020,99.2,Ashton Hagans,MIN,13,2,72,0,0.0,0.0,0.0,0.0,0.0,0.5,0.0,0.0,0.028999999999999998,8.3,-25.0,0
2020,99.2,Greg Whittington,DEN,3,4,72,3,0.0,0.0,0.0,0.0,0.0,0.0,0.0,0.0,48,10.3,-7.1,0
2020,99.2,Noah Vonleh,BKN,2,4,72,3,0.0,0.3,0.3,0.0,0.0,0.5,0.0,0.0,-21,21.7,-9.4,0
2020,99.2,Will Magnay,NOP,11,1,72,1,0.0,0.0,0.0,0.0,0.0,1.0,0.0,0.0,-63,20.0,-17.1,0
