Year,Avg. Pace,PLAYER,TEAM,Team Conference Rank,GP,Team GP,W,PTS,REB,AST,STL,BLK,TOV,AST%,AST/TO,3PM,+/-,OFFRTG,DEFRTG,DEFWS,eFG%,TS%,USG%,PIE,Prior MVPs
2020,99.2,Stephen Curry,GSW,8,63,72,37,32.0,5.5,5.8,1.2,0.1,3.4,28.3,1.7,5.3,3.9,114.2,109.6,0.11199999999999999,60.5,65.5,33.1,18.1,2
2020,99.2,Bradley Beal,WAS,8,60,72,32,31.3,4.7,4.4,1.2,0.4,3.1,20.2,1.42,2.2,-0.1,114.4,114.8,61,53.2,59.3,33.1,14.5,0
2020,99.2,Damian Lillard,POR,5,67,72,39,28.8,4.2,7.5,0.9,0.3,3.0,33.4,2.49,4.1,3.0,119.6,115.6,0.054000000000000006,55.4,62.3,30.6,15.8,0
2020,99.2,Joel Embiid,PHI,1,51,72,39,28.5,10.6,2.8,1.0,1.4,3.1,15.6,0.91,1.1,7.9,117.8,105.8,135,54.5,63.6,35.2,20.3,0
2020,99.2,Giannis Antetokounmpo,MIL,3,61,72,40,28.1,11.0,5.9,1.2,1.2,3.4,28.2,1.72,1.1,6.7,117.1,107.3,0.13,60.0,63.3,32.0,19.6,2
2020,99.2,Luka Doncic,DAL,5,66,72,40,27.7,8.0,8.6,1.0,0.5,4.3,42.5,2.02,2.9,2.5,116.6,112.7,81,55.0,58.7,35.0,17.9,0
2020,99.2,Zach LaVine,CHI,11,58,72,26,27.4,5.0,4.9,0.8,0.5,3.5,22.5,1.39,3.4,-0.2,112.4,113.1,78,59.6,63.4,30.2,14.0,0
2020,99.2,Zion Williamson,NOP,11,61,72,29,27.0,7.2,3.7,0.9,0.6,2.7,18.8,1.35,0.2,1.5,113.9,111.7,0.08900000000000001,61.6,64.9,28.7,16.1,0
2020,99.2,Kevin Durant,BKN,2,35,72,23,26.9,7.1,5.6,0.7,1.3,3.4,25.2,1.63,2.4,8.0,121.7,111.1,95,60.8,66.6,30.3,17.2,1
2020,99.2,Kyrie Irving,BKN,2,54,72,36,26.9,4.8,6.0,1.4,0.7,2.4,26.9,2.49,2.8,4.2,119.4,113.8,0.07,57.6,61.4,29.7,14.9,0
2020,99.2,Jayson Tatum,BOS,7,64,72,34,26.4,7.4,4.3,1.2,0.5,2.7,19.6,1.61,2.9,2.5,114.8,111.8,92,53.0,57.6,29.8,15.2,0
2020,99.2,Donovan Mitchell,UTA,1,53,72,39,26.4,4.4,5.2,1.0,0.3,2.8,26.6,1.88,3.4,5.4,117.1,109.2,0.11199999999999999,52.0,56.9,32.7,13.8,0
2020,99.2,Nikola Jokic,DEN,3,72,72,47,26.4,10.8,8.3,1.3,0.7,3.1,37.7,2.7,1.3,5.3,120.2,112.6,0.08199999999999999,60.2,64.7,29.3,20.1,0
2020,99.2,Devin Booker,PHX,2,67,72,48,25.6,4.2,4.3,0.8,0.2,3.1,20.0,1.4,1.9,4.9,118.6,111.4,92,53.3,58.7,31.9,12.5,0
2020,99.2,Trae Young,ATL,4,63,72,36,25.3,3.9,9.4,0.8,0.2,4.1,42.6,2.28,2.2,4.2,118.2,113.0,76,49.9,58.9,32.0,15.0,0
2020,99.2,De'Aaron Fox,SAC,11,58,72,24,25.2,3.5,7.2,1.5,0.5,3.0,32.6,2.4,1.8,-3.4,113.5,118.0,0.027000000000000003,52.3,56.5,30.4,12.4,0
2020,99.2,LeBron James,LAL,5,45,72,30,25.0,7.7,7.8,1.1,0.6,3.7,39.4,2.08,2.3,6.4,112.4,103.2,172,57.6,60.2,31.0,19.1,4
2020,99.2,Kawhi Leonard,LAC,3,52,72,36,24.8,6.5,5.2,1.6,0.4,2.0,23.8,2.56,1.9,8.6,121.4,109.2,113,56.8,62.2,28.2,17.0,0
2020,99.2,Karl-Anthony Towns,MIN,13,50,72,19,24.8,10.6,4.5,0.8,1.1,3.2,21.6,1.41,2.4,0.2,114.6,114.7,0.057999999999999996,55.5,61.2,28.6,15.5,0
2020,99.2,Jaylen Brown,BOS,7,58,72,30,24.7,6.0,3.4,1.2,0.6,2.7,16.2,1.23,2.8,1.2,113.5,111.8,0.09,55.8,58.6,29.0,12.9,0
2020,99.2,James Harden,BKN,2,44,72,31,24.6,7.9,10.8,1.2,0.8,4.0,44.2,2.68,2.8,2.3,117.2,114.3,67,54.8,61.8,28.3,17.4,1
2020,99.2,Collin Sexton,CLE,13,60,72,18,24.3,3.1,4.4,1.0,0.2,2.8,22.2,1.57,1.6,-6.3,104.8,114.0,69,51.9,57.3,28.6,11.5,0
2020,99.2,Julius Randle,NYK,4,71,72,40,24.1,10.2,6.0,0.9,0.3,3.4,26.9,1.77,2.3,2.2,109.8,106.8,153,51.6,56.7,28.5,15.8,0
2020,99.2,Brandon Ingram,NOP,11,61,72,29,23.8,4.9,4.9,0.7,0.6,2.5,21.8,1.92,2.3,0.7,115.1,114.2,64,53.1,58.4,27.9,12.8,0
2020,99.2,Shai Gilgeous-Alexander,OKC,14,35,72,16,23.7,4.7,5.9,0.8,0.7,3.0,31.1,1.95,2.0,-5.3,107.2,114.9,55,57.1,62.3,28.3,14.6,0
2020,99.2,Nikola Vucevic,CHI,11,70,72,26,23.4,11.7,3.8,0.9,0.7,1.8,20.7,2.13,2.5,-4.9,106.6,113.6,69,54.0,56.0,29.2,16.8,0
2020,99.2,Paul George,LAC,3,54,72,38,23.3,6.6,5.2,1.1,0.4,3.3,23.9,1.56,3.2,8.0,118.3,107.0,134,55.7,59.8,29.6,14.5,0
2020,99.2,CJ McCollum,POR,5,47,72,28,23.1,3.9,4.7,0.9,0.4,1.4,22.0,3.43,3.6,4.4,119.0,112.8,78,55.4,57.7,26.5,12.3,0
2020,99.2,Jerami Grant,DET,15,54,72,15,22.3,4.6,2.8,0.6,1.1,2.0,14.5,1.39,2.1,-2.2,108.3,111.5,91,49.1,55.6,27.8,11.4,0
2020,99.2,Russell Westbrook,WAS,8,65,72,30,22.2,11.5,11.7,1.4,0.4,4.8,47.7,2.45,1.3,-1.4,109.2,110.4,111,47.4,50.9,29.5,16.4,1
2020,99.2,Anthony Davis,LAL,5,36,72,23,21.8,7.9,3.1,1.3,1.6,2.1,15.4,1.49,0.7,3.2,112.5,107.4,125,51.2,55.6,28.7,15.3,0
2020,99.2,DeMar DeRozan,SAS,10,61,72,27,21.6,4.2,6.9,0.9,0.2,2.0,30.9,3.55,0.3,-1.7,113.0,115.5,0.05,50.5,59.1,25.5,13.9,0
2020,99.2,Jimmy Butler,MIA,6,52,72,33,21.5,6.9,7.1,2.1,0.3,2.1,34.5,3.39,0.5,3.8,112.1,106.9,135,51.4,60.7,25.9,18.4,0
2020,99.2,Pascal Siakam,TOR,12,56,72,21,21.4,7.2,4.5,1.1,0.7,2.3,19.5,1.92,1.3,2.3,114.4,111.4,96,49.3,54.7,26.1,11.9,0
2020,99.2,Jamal Murray,DEN,3,48,72,31,21.2,4.0,4.8,1.3,0.3,2.3,19.7,2.14,2.7,6.3,118.6,110.6,0.10400000000000001,55.9,59.2,24.4,11.7,0
2020,99.2,Malcolm Brogdon,IND,8,56,72,27,21.2,5.3,5.9,0.9,0.3,2.1,27.1,2.86,2.6,-0.6,110.6,111.1,95,52.7,56.1,25.7,12.8,0
2020,99.2,Christian Wood,HOU,15,41,72,12,21.0,9.6,1.7,0.8,1.2,2.0,8.9,0.89,1.9,-2.4,108.8,112.6,76,57.4,59.1,25.5,13.9,0
2020,99.2,John Wall,HOU,15,40,72,12,20.6,3.2,6.9,1.1,0.8,3.5,36.5,1.95,2.0,-4.2,106.1,111.8,0.08199999999999999,45.8,50.3,31.6,11.4,0
2020,99.2,Terry Rozier,CHA,10,69,72,32,20.4,4.4,4.2,1.3,0.4,1.9,19.3,2.29,3.2,-1.3,110.9,112.9,78,54.8,57.5,23.8,11.3,0
2020,99.2,Khris Middleton,MIL,3,68,72,45,20.4,6.0,5.4,1.1,0.1,2.6,22.7,2.08,2.2,4.3,116.7,110.5,99,54.6,58.8,24.5,12.3,0
2020,99.2,Domantas Sabonis,IND,8,62,72,29,20.3,12.0,6.7,1.2,0.5,3.4,28.3,1.95,0.8,-1.5,109.6,111.5,96,56.4,60.1,23.9,15.4,0
2020,99.2,Caris LeVert,IND,8,47,72,24,20.2,4.6,5.2,1.4,0.6,2.2,25.5,2.4,1.8,-0.1,111.9,112.1,0.08,49.3,53.1,27.9,11.6,0
2020,99.2,Kristaps Porzingis,DAL,5,43,72,26,20.1,8.9,1.6,0.5,1.3,1.2,8.1,1.33,2.3,0.2,116.0,115.3,48,54.7,58.2,25.9,13.5,0
2020,99.2,Victor Oladipo,MIA,6,33,72,13,19.8,4.8,4.6,1.4,0.4,2.5,23.3,1.82,2.4,-2.2,106.5,108.8,0.11900000000000001,47.6,51.2,28.6,10.9,0
2020,99.2,Gordon Hayward,CHA,10,44,72,24,19.6,5.9,4.1,1.2,0.3,2.1,18.9,1.99,1.9,0.4,111.0,110.3,0.10400000000000001,53.7,58.4,23.5,12.4,0
2020,99.2,Fred VanVleet,TOR,12,52,72,22,19.6,4.2,6.3,1.7,0.7,1.8,26.4,3.45,3.3,2.7,113.6,110.2,0.11,48.9,53.4,23.7,11.5,0
2020,99.2,Malik Beasley,MIN,13,37,72,8,19.6,4.4,2.4,0.8,0.2,1.6,11.4,1.47,3.5,-5.3,107.9,115.0,0.054000000000000006,54.7,57.0,23.5,10.1,0
2020,99.2,Tobias Harris,PHI,1,62,72,44,19.5,6.8,3.5,0.9,0.8,1.7,17.5,2.06,1.3,5.2,113.3,106.1,138,55.6,59.7,23.7,14.5,0
2020,99.2,Anthony Edwards,MIN,13,72,72,23,19.3,4.7,2.9,1.1,0.5,2.2,14.2,1.32,2.4,-3.2,110.6,115.6,48,48.8,52.3,26.4,9.4,0
2020,99.2,Kemba Walker,OKC,14,43,72,22,19.3,4.0,4.9,1.1,0.3,2.0,23.3,2.41,3.0,2.2,114.5,111.4,84,51.4,55.9,25.6,12.3,0
2020,99.2,Ja Morant,MEM,9,63,72,33,19.1,4.0,7.4,0.9,0.2,3.2,32.1,2.29,1.2,1.7,114.7,112.1,0.08199999999999999,48.7,53.7,26.7,11.3,0
2020,99.2,Michael Porter Jr.,DEN,3,61,72,40,19.0,7.3,1.1,0.7,0.9,1.3,5.2,0.91,2.8,5.9,120.2,111.9,0.08,64.6,66.3,21.4,12.5,0
2020,99.2,D'Angelo Russell,MIN,13,42,72,16,19.0,2.6,5.8,1.1,0.4,2.7,32.3,2.18,2.9,-4.6,109.7,116.8,33,52.3,55.5,28.3,11.4,0
2020,99.2,Bam Adebayo,MIA,6,64,72,34,18.7,9.0,5.4,1.2,1.0,2.6,26.7,2.05,0.0,0.4,110.2,109.6,0.10800000000000001,57.1,62.6,23.3,16.1,0
2020,99.2,Norman Powell,POR,5,69,72,32,18.6,3.1,1.9,1.2,0.3,1.7,8.9,1.08,2.5,1.1,114.3,112.5,78,57.0,61.8,22.1,9.6,0
2020,99.2,Andrew Wiggins,GSW,8,71,72,38,18.6,4.9,2.4,0.9,1.0,1.8,11.0,1.33,2.0,0.0,108.9,109.1,0.11199999999999999,54.3,56.8,22.9,9.9,0
2020,99.2,Jordan Clarkson,UTA,1,68,72,49,18.4,4.0,2.5,0.9,0.1,1.7,14.9,1.46,3.1,4.4,115.8,108.0,0.1,52.2,54.9,28.6,11.5,0
2020,99.2,Eric Gordon,HOU,15,27,72,10,17.8,2.1,2.6,0.5,0.5,1.9,14.7,1.39,2.6,-2.5,106.8,110.1,91,52.7,57.7,24.6,9.7,0
2020,99.2,Jrue Holiday,MIL,3,59,72,41,17.7,4.5,6.1,1.6,0.6,2.2,25.3,2.81,1.9,6.4,117.9,108.8,113,57.0,59.2,21.7,12.4,0
2020,99.2,John Collins,ATL,4,63,72,34,17.6,7.4,1.2,0.5,1.0,1.3,6.5,0.93,1.3,2.9,116.0,111.7,77,61.0,64.5,21.4,12.5,0
2020,99.2,RJ Barrett,NYK,4,72,72,41,17.6,5.8,3.0,0.7,0.3,1.9,13.4,1.56,1.7,1.9,110.0,107.2,138,49.9,53.5,22.8,9.5,0
2020,99.2,Darius Garland,CLE,13,54,72,18,17.4,2.4,6.1,1.2,0.1,3.0,29.8,2.01,1.9,-4.4,105.7,112.3,81,51.7,54.7,24.5,10.1,0
2020,99.2,Kyle Lowry,TOR,12,46,72,15,17.2,5.4,7.3,1.0,0.3,2.7,31.1,2.68,2.8,-0.1,112.6,113.0,79,54.6,59.3,20.9,11.5,0
2020,99.2,Dillon Brooks,MEM,9,67,72,36,17.2,2.9,2.3,1.2,0.4,1.8,11.2,1.32,1.9,2.3,113.9,109.4,99,48.1,51.5,25.6,6.6,0
2020,99.2,Evan Fournier,BOS,7,42,72,18,17.1,3.0,3.4,1.1,0.5,1.7,17.0,1.97,2.8,-0.8,111.6,113.0,69,56.5,59.8,22.2,9.8,0
2020,99.2,Jonas Valanciunas,MEM,9,62,72,32,17.1,12.5,1.8,0.6,0.9,1.6,9.7,1.12,0.3,2.2,112.8,108.9,98,60.6,63.6,21.7,16.3,0
2020,99.2,Bojan Bogdanovic,UTA,1,72,72,52,17.0,3.9,1.9,0.6,0.1,1.8,9.1,1.06,2.5,5.8,116.8,107.3,121,53.6,58.8,22.5,9.4,0
2020,99.2,Tim Hardaway Jr.,DAL,5,70,72,42,16.6,3.3,1.8,0.4,0.2,0.9,9.8,1.97,3.0,1.0,114.3,112.3,0.07,56.0,58.9,23.0,10.2,0
2020,99.2,Kevin Porter Jr.,HOU,15,26,72,4,16.6,3.8,6.3,0.7,0.3,3.5,29.3,1.8,1.9,-8.6,107.3,119.9,0.006999999999999999,49.3,52.8,24.7,8.6,0
2020,99.2,Buddy Hield,SAC,11,71,72,31,16.6,4.7,3.6,0.9,0.4,1.8,14.1,1.98,4.0,-0.8,114.5,116.3,43,54.8,56.7,20.1,8.4,0
2020,99.2,Chris Paul,PHX,2,70,72,49,16.4,4.5,8.9,1.4,0.3,2.2,40.5,3.99,1.5,4.4,115.3,108.8,0.11,55.7,59.9,22.1,15.0,0
2020,99.2,Khyri Thomas,HOU,15,5,72,1,16.4,3.6,5.0,1.8,1.2,1.2,21.0,4.17,1.8,2.8,124.3,116.9,35,55.3,58.6,20.8,10.7,0
2020,99.2,Bogdan Bogdanovic,ATL,4,44,72,30,16.4,3.6,3.3,1.1,0.3,1.2,16.9,2.72,3.3,2.5,114.9,111.0,84,60.2,61.6,21.0,11.0,0
2020,99.2,Mike Conley,UTA,1,51,72,37,16.2,3.5,6.0,1.4,0.2,1.9,30.3,3.08,2.7,10.7,116.2,99.5,184,55.2,58.9,22.4,13.1,0
2020,99.2,Harrison Barnes,SAC,11,58,72,25,16.1,6.6,3.5,0.7,0.2,1.6,12.8,2.16,1.7,-1.0,114.4,116.2,47,57.5,62.6,16.9,10.7,0
2020,99.2,Elijah Bryant,MIL,3,1,72,0,16.0,6.0,3.0,0.0,1.0,4.0,13.0,0.75,1.0,11.0,119.7,105.7,142,50.0,55.9,23.1,7.2,0
2020,99.2,OG Anunoby,TOR,12,43,72,18,15.9,5.5,2.2,1.5,0.7,1.7,9.8,1.25,2.4,2.7,112.4,109.1,0.11199999999999999,58.0,60.5,19.3,9.9,0
2020,99.2,LaMelo Ball,CHA,10,51,72,23,15.7,5.9,6.1,1.6,0.4,2.8,32.2,2.16,1.8,-1.6,108.7,111.8,77,50.4,53.9,24.7,12.1,0
2020,99.2,Dejounte Murray,SAS,10,67,72,32,15.7,7.1,5.4,1.5,0.1,1.7,24.6,3.1,0.9,1.3,111.8,109.5,0.10400000000000001,48.5,50.9,23.1,12.4,0
2020,99.2,Terrence Ross,ORL,14,46,72,16,15.6,3.4,2.3,1.0,0.5,1.6,13.3,1.46,1.9,-5.1,103.2,112.0,75,48.5,53.0,23.0,9.0,0
2020,99.2,T.J. Warren,IND,8,4,72,3,15.5,3.5,1.3,0.5,0.0,1.0,6.0,1.25,0.0,0.3,111.3,108.7,0.10300000000000001,52.9,56.0,21.3,7.2,0
2020,99.2,Kelly Oubre Jr.,GSW,8,55,72,27,15.4,6.0,1.3,1.0,0.8,1.3,6.7,1.04,1.6,-3.5,105.2,109.8,99,50.1,52.9,21.5,9.0,0
2020,99.2,Dennis Schroder,LAL,5,61,72,38,15.4,3.5,5.8,1.1,0.2,2.7,26.2,2.15,1.2,1.4,110.8,108.6,114,48.4,54.3,22.7,9.7,0
2020,99.2,Derrick White,SAS,10,36,72,18,15.4,3.0,3.5,0.7,1.0,1.3,16.8,2.82,2.3,2.6,113.9,108.8,102,50.3,55.0,22.3,9.0,0
2020,99.2,Gary Trent Jr.,TOR,12,58,72,29,15.3,2.6,1.4,1.0,0.2,0.7,6.7,1.86,2.8,-1.0,113.9,115.7,45,51.3,53.4,20.4,7.1,0
2020,99.2,Clint Capela,ATL,4,63,72,34,15.2,14.3,0.8,0.7,2.0,1.2,3.9,0.67,0.0,4.0,114.8,108.2,0.11,59.4,60.1,19.3,15.8,0
2020,99.2,Tyler Herro,MIA,6,54,72,29,15.1,5.0,3.4,0.6,0.3,1.9,18.4,1.82,2.0,-1.6,107.7,110.6,0.09,51.6,54.3,22.5,10.8,0
2020,99.2,Coby White,CHI,11,69,72,30,15.1,4.1,4.8,0.6,0.2,2.3,21.8,2.1,2.4,-1.6,108.6,111.3,87,50.6,54.0,21.9,8.8,0
2020,99.2,De'Andre Hunter,ATL,4,23,72,12,15.0,4.8,1.9,0.8,0.5,1.3,9.8,1.52,1.3,3.7,111.3,105.9,131,54.6,60.3,19.4,10.4,0
2020,99.2,Andre Drummond,LAL,5,46,72,19,14.9,12.0,2.0,1.4,1.1,2.7,12.4,0.76,0.0,-2.3,107.5,111.4,0.07200000000000001,49.3,51.9,26.9,13.9,0
2020,99.2,Devonte' Graham,CHA,10,55,72,23,14.8,2.7,5.4,0.9,0.1,1.5,27.2,3.51,3.3,1.8,109.2,107.1,0.11900000000000001,51.0,55.2,21.1,10.3,0
2020,99.2,Derrick Rose,NYK,4,50,72,28,14.7,2.6,4.2,1.0,0.4,1.6,27.6,2.68,1.0,2.7,109.8,105.0,0.11900000000000001,51.1,55.0,25.2,13.3,1
2020,99.2,Lonzo Ball,NOP,11,55,72,23,14.6,4.8,5.7,1.5,0.6,2.2,24.6,2.57,3.1,0.9,114.2,113.7,64,53.7,55.1,20.2,10.5,0
2020,99.2,Kendrick Nunn,MIA,6,56,72,31,14.6,3.2,2.6,0.9,0.3,1.4,14.0,1.85,2.2,-0.1,111.1,111.6,78,57.8,59.6,20.5,9.5,0
2020,99.2,Deandre Ayton,PHX,2,69,72,48,14.4,10.5,1.4,0.6,1.2,1.5,6.6,0.96,0.1,4.0,117.1,110.8,0.08800000000000001,62.9,65.3,17.9,13.0,0
2020,99.2,Jaren Jackson Jr.,MEM,9,11,72,4,14.4,5.6,1.1,1.1,1.6,1.4,7.4,0.8,1.5,-5.8,107.6,118.0,0.018000000000000002,49.2,55.1,25.2,9.7,0
2020,99.2,Thomas Bryant,WAS,8,10,72,2,14.3,6.1,1.5,0.4,0.8,1.1,7.9,1.36,0.9,-1.4,113.6,115.7,0.04,69.8,70.4,16.3,11.1,0
2020,99.2,Rudy Gobert,UTA,1,71,72,52,14.3,13.5,1.3,0.6,2.7,1.7,5.9,0.75,0.0,10.3,116.8,100.9,0.18100000000000002,67.5,68.3,16.6,16.5,0
2020,99.2,Ben Simmons,PHI,1,58,72,42,14.3,7.2,6.9,1.6,0.6,3.0,30.8,2.32,0.1,5.7,113.9,106.0,0.14,56.0,58.4,20.0,12.8,0
2020,99.2,Richaun Holmes,SAC,11,61,72,29,14.2,8.3,1.7,0.6,1.6,1.2,8.2,1.35,0.0,0.1,114.9,114.6,51,63.8,66.9,17.3,12.2,0
2020,99.2,Al Horford,BOS,7,28,72,11,14.2,6.7,3.4,0.9,0.9,1.0,20.6,3.24,2.0,-3.6,102.2,109.1,95,52.8,53.8,22.1,13.1,0
2020,99.2,Marvin Bagley III,SAC,11,43,72,20,14.1,7.4,1.0,0.5,0.5,1.4,5.7,0.73,0.9,-2.0,112.8,116.5,32,54.2,55.4,22.9,9.9,0
2020,99.2,Joe Harris,BKN,2,69,72,45,14.1,3.6,1.9,0.7,0.2,0.9,8.1,2.1,3.1,5.1,117.4,110.6,92,65.4,66.3,15.7,8.5,0
2020,99.2,Luguentz Dort,OKC,14,52,72,18,14.0,3.6,1.7,0.9,0.4,1.5,9.0,1.11,2.2,-4.8,104.4,111.6,78,47.5,51.3,21.8,6.2,0
2020,99.2,Rui Hachimura,WAS,8,57,72,29,13.8,5.5,1.4,0.8,0.1,1.2,6.2,1.21,0.8,-1.9,109.5,112.4,77,51.3,54.9,18.0,8.2,0
2020,99.2,Darius Bazley,OKC,14,55,72,16,13.7,7.2,1.8,0.5,0.5,2.2,9.1,0.81,1.5,-8.7,100.7,113.8,63,45.6,49.1,21.8,8.6,0
2020,99.2,Chris Boucher,TOR,12,60,72,25,13.6,6.7,1.1,0.6,1.9,0.8,6.8,1.37,1.5,1.6,114.4,110.7,71,59.5,63.4,20.2,13.2,0
2020,99.2,Lauri Markkanen,CHI,11,51,72,20,13.6,5.3,0.9,0.5,0.3,1.0,5.1,0.87,2.3,-0.9,107.1,109.9,81,59.4,61.9,19.7,11.0,0
2020,99.2,Doug McDermott,IND,8,66,72,32,13.6,3.3,1.3,0.3,0.1,0.8,7.5,1.6,1.7,-0.7,110.5,112.3,61,61.6,63.5,19.4,9.6,0
2020,99.2,LaMarcus Aldridge,BKN,2,26,72,15,13.5,4.5,1.9,0.4,1.1,1.0,10.9,1.81,1.2,-1.3,110.6,113.4,0.054000000000000006,52.5,55.6,22.4,9.9,0
2020,99.2,Kelly Olynyk,HOU,15,70,72,26,13.5,7.0,2.9,1.1,0.6,1.8,15.1,1.61,1.8,-1.4,110.7,113.2,62,57.4,61.0,19.0,11.2,0
2020,99.2,Montrezl Harrell,LAL,5,69,72,41,13.5,6.2,1.1,0.7,0.7,1.1,7.8,0.99,0.0,0.6,107.3,105.9,99,62.2,65.0,21.1,15.2,0
2020,99.2,Mikal Bridges,PHX,2,72,72,51,13.5,4.3,2.1,1.1,0.9,0.8,8.5,2.67,1.9,4.7,117.5,110.0,0.10099999999999999,64.3,66.7,14.7,9.9,0
2020,99.2,Goran Dragic,MIA,6,50,72,30,13.4,3.4,4.4,0.7,0.2,2.4,26.0,1.86,1.8,0.8,110.1,108.6,95,51.4,55.2,23.9,9.7,0
2020,99.2,Marcus Morris Sr.,LAC,3,57,72,38,13.4,4.1,1.0,0.6,0.3,1.0,5.6,1.02,2.5,2.3,117.4,113.1,0.057999999999999996,59.2,61.4,19.4,9.1,0
2020,99.2,Carmelo Anthony,POR,5,69,72,39,13.4,3.1,1.5,0.7,0.6,0.9,9.7,1.7,1.9,-0.3,115.1,115.8,35,50.6,54.7,22.8,8.8,0
2020,99.2,Josh Jackson,DET,15,62,72,16,13.4,4.1,2.3,0.9,0.8,2.3,15.0,1.01,1.2,-2.0,104.9,108.3,0.09300000000000001,47.3,51.6,25.4,8.0,0
2020,99.2,Danilo Gallinari,ATL,4,51,72,29,13.3,4.1,1.5,0.6,0.2,0.8,9.9,1.77,2.0,1.8,113.0,110.3,0.07200000000000001,54.2,61.3,21.1,11.2,0
2020,99.2,Duncan Robinson,MIA,6,72,72,40,13.1,3.5,1.8,0.6,0.3,1.1,8.2,1.57,3.5,1.6,110.6,108.3,113,61.4,62.8,16.2,7.5,0
2020,99.2,Marcus Smart,BOS,7,48,72,24,13.1,3.5,5.7,1.5,0.5,2.0,22.7,2.84,1.9,1.9,114.2,111.3,91,48.9,53.9,17.9,8.5,0
2020,99.2,Tyrese Haliburton,SAC,11,58,72,25,13.0,3.0,5.3,1.3,0.5,1.6,24.7,3.36,2.1,-3.1,110.8,116.4,38,56.9,58.5,17.5,10.4,0
2020,99.2,Shake Milton,PHI,1,63,72,46,13.0,2.3,3.1,0.6,0.3,1.6,21.0,1.87,1.1,2.1,109.3,105.0,107,50.3,54.9,23.9,10.1,0
2020,99.2,Markelle Fultz,ORL,14,8,72,6,12.9,3.1,5.4,1.0,0.3,2.3,29.3,2.39,0.5,-3.6,107.1,113.6,57,41.3,45.8,25.0,8.1,0
2020,99.2,P.J. Washington,CHA,10,64,72,31,12.9,6.5,2.5,1.1,1.2,2.0,12.0,1.26,1.8,0.5,110.4,109.8,98,52.2,54.9,19.1,8.9,0
2020,99.2,Cole Anthony,ORL,14,47,72,13,12.9,4.7,4.1,0.6,0.4,2.3,24.1,1.81,1.2,-6.9,103.5,116.3,35,44.9,49.6,23.5,9.1,0
2020,99.2,Kyle Kuzma,LAL,5,68,72,40,12.9,6.1,1.9,0.5,0.6,1.7,10.0,1.12,2.0,0.0,104.8,105.4,128,53.3,54.6,19.8,9.7,0
2020,99.2,Jarrett Allen,CLE,13,63,72,20,12.8,10.0,1.7,0.5,1.4,1.6,8.7,1.06,0.1,-3.2,108.3,113.9,0.059000000000000004,62.4,66.1,16.3,13.8,0
2020,99.2,Keldon Johnson,SAS,10,69,72,32,12.8,6.0,1.8,0.6,0.3,1.1,8.7,1.55,0.9,-2.5,110.0,113.8,57,52.2,55.7,18.9,9.1,0
2020,99.2,Miles Bridges,CHA,10,66,72,31,12.7,6.0,2.2,0.7,0.8,1.6,11.3,1.39,1.8,-0.1,110.4,110.1,92,59.6,62.5,17.0,10.3,0
2020,99.2,Alec Burks,NYK,4,49,72,27,12.7,4.6,2.2,0.6,0.3,1.0,13.5,2.18,2.1,2.6,109.6,104.6,0.12,52.2,56.4,20.8,11.5,0
2020,99.2,Will Barton,DEN,3,56,72,37,12.7,4.0,3.2,0.9,0.4,1.7,13.5,1.89,1.8,4.1,118.4,112.4,0.07400000000000001,50.7,53.8,18.7,7.6,0
2020,99.2,Jalen Brunson,DAL,5,68,72,40,12.6,3.4,3.5,0.5,0.0,1.2,21.5,2.99,1.2,2.4,113.7,108.7,87,58.8,61.8,19.6,12.3,0
2020,99.2,Myles Turner,IND,8,47,72,22,12.6,6.5,1.0,0.9,3.4,1.4,4.7,0.72,1.5,0.5,109.2,107.9,113,55.7,59.9,16.7,9.0,0
2020,99.2,Seth Curry,PHI,1,57,72,39,12.5,2.4,2.7,0.8,0.1,1.1,13.1,2.38,2.2,5.6,114.7,106.5,0.11800000000000001,58.2,60.7,16.9,8.4,0
2020,99.2,Kyle Anderson,MEM,9,69,72,36,12.4,5.7,3.6,1.2,0.8,1.2,18.2,2.91,1.4,0.7,110.3,108.7,0.09699999999999999,54.0,57.8,18.1,12.1,0
2020,99.2,Aaron Gordon,DEN,3,50,72,29,12.4,5.7,3.2,0.7,0.7,1.9,16.5,1.66,1.2,1.2,112.5,110.4,84,52.2,54.7,20.4,9.5,0
2020,99.2,Brook Lopez,MIL,3,70,72,46,12.3,5.0,0.7,0.6,1.5,0.9,3.3,0.78,1.4,4.5,117.0,110.2,83,57.7,61.1,16.6,8.5,0
2020,99.2,Saddiq Bey,DET,15,70,72,19,12.2,4.5,1.4,0.7,0.2,0.9,7.7,1.58,2.5,-3.0,105.6,111.2,76,53.0,56.7,18.2,9.2,0
2020,99.2,Eric Bledsoe,NOP,11,71,72,31,12.2,3.4,3.8,0.8,0.3,1.6,17.0,2.35,1.7,-0.9,113.0,114.8,51,50.3,53.3,18.1,7.7,0
2020,99.2,Kevin Love,CLE,13,25,72,7,12.2,7.4,2.5,0.6,0.1,1.5,15.3,1.66,2.3,-2.9,107.0,113.4,0.054000000000000006,52.2,55.6,21.1,12.3,0
2020,99.2,Josh Richardson,DAL,5,59,72,35,12.1,3.3,2.6,1.0,0.4,1.3,12.3,1.94,1.5,-0.8,113.5,113.7,61,49.8,53.7,18.1,7.3,0
2020,99.2,Thaddeus Young,CHI,11,68,72,30,12.1,6.2,4.3,1.1,0.6,2.0,25.3,2.12,0.2,2.1,114.2,110.1,75,56.8,57.8,21.6,12.8,0
2020,99.2,Joe Ingles,UTA,1,67,72,47,12.1,3.6,4.7,0.7,0.2,1.7,23.8,2.72,2.7,6.8,116.7,104.9,0.13,65.2,67.2,16.2,11.2,0
2020,99.2,Jordan Poole,GSW,8,51,72,28,12.0,1.8,1.9,0.5,0.2,1.0,16.1,1.94,1.9,0.6,107.6,106.9,76,53.5,58.1,24.6,10.1,0
2020,99.2,Kevin Huerter,ATL,4,69,72,40,11.9,3.3,3.5,1.2,0.3,1.1,16.1,3.05,2.0,1.0,113.2,111.6,0.08199999999999999,52.8,54.1,16.7,7.7,0
2020,99.2,Malik Monk,CHA,10,42,72,19,11.7,2.4,2.1,0.5,0.1,1.3,15.5,1.58,2.0,0.8,109.4,108.6,75,54.0,56.9,22.7,9.6,0
2020,99.2,Hamidou Diallo,DET,15,52,72,18,11.6,5.2,1.9,0.8,0.5,1.5,13.3,1.33,0.5,-3.7,102.0,110.6,0.07,50.6,54.1,21.8,9.9,0
2020,99.2,Davis Bertans,WAS,8,57,72,29,11.5,2.9,0.9,0.6,0.2,0.6,4.3,1.48,3.0,1.9,112.8,110.8,75,58.1,62.0,14.8,6.9,0
2020,99.2,James Wiseman,GSW,8,39,72,18,11.5,5.8,0.7,0.3,0.9,1.5,5.0,0.43,0.3,-4.7,101.8,110.6,65,53.5,55.2,23.1,8.8,0
2020,99.2,Jusuf Nurkic,POR,5,37,72,22,11.5,9.0,3.4,1.0,1.1,2.0,20.6,1.71,0.3,3.4,115.0,108.2,0.08900000000000001,53.2,55.4,21.7,13.4,0
2020,99.2,Bobby Portis,MIL,3,66,72,44,11.4,7.1,1.1,0.8,0.4,0.8,7.5,1.27,1.1,2.1,113.4,108.3,76,58.5,59.8,20.2,13.3,0
2020,99.2,Immanuel Quickley,NYK,4,64,72,37,11.4,2.1,2.0,0.5,0.2,0.9,16.4,2.19,1.8,2.8,111.6,104.5,92,49.7,55.7,24.6,10.3,0
2020,99.2,Rudy Gay,SAS,10,63,72,29,11.4,4.8,1.4,0.7,0.6,1.0,10.0,1.35,1.7,2.1,108.4,103.9,107,50.5,53.2,23.0,10.8,0
2020,99.2,Lou Williams,ATL,4,66,72,44,11.3,2.1,3.4,0.7,0.1,1.6,23.3,2.08,1.0,1.2,112.3,110.6,65,46.4,51.9,24.4,9.6,0
2020,99.2,Jae'Sean Tate,HOU,15,70,72,17,11.3,5.3,2.5,1.2,0.5,1.4,12.7,1.82,0.9,-2.7,108.0,111.8,76,55.4,57.6,16.1,8.3,0
2020,99.2,Cam Reddish,ATL,4,26,72,10,11.2,4.0,1.3,1.3,0.3,1.3,6.6,1.03,1.3,-1.9,110.9,114.9,0.05,42.8,48.8,18.3,5.3,0
2020,99.2,Wendell Carter Jr.,ORL,14,54,72,21,11.2,8.2,1.9,0.6,0.8,1.4,11.6,1.33,0.3,-4.5,104.5,113.5,53,52.0,56.6,18.8,11.5,0
2020,99.2,Naz Reid,MIN,13,70,72,22,11.2,4.6,1.0,0.5,1.1,1.0,8.8,1.04,0.9,-4.2,102.7,112.4,47,57.6,59.9,21.8,11.3,0
2020,99.2,Enes Kanter,POR,5,72,72,42,11.2,11.0,1.2,0.5,0.7,1.1,6.9,1.08,0.0,2.2,119.7,114.8,42,60.5,63.6,16.9,14.1,0
2020,99.2,Armoni Brooks,HOU,15,20,72,3,11.2,3.4,1.5,0.6,0.3,1.1,9.0,1.36,3.0,-6.8,103.9,115.6,39,56.3,56.5,17.5,6.8,0
2020,99.2,Lonnie Walker IV,SAS,10,60,72,28,11.2,2.6,1.7,0.5,0.3,1.1,9.5,1.55,1.7,-3.5,109.4,115.7,0.036000000000000004,50.2,52.3,19.9,6.3,0
2020,99.2,Serge Ibaka,LAC,3,41,72,24,11.1,6.7,1.8,0.2,1.1,1.1,11.0,1.68,1.0,3.8,117.5,110.1,0.07200000000000001,56.3,58.5,20.0,11.5,0
2020,99.2,Nickeil Alexander-Walker,NOP,11,46,72,20,11.0,3.1,2.2,1.0,0.5,1.5,15.5,1.48,1.7,-1.1,108.2,111.5,0.057999999999999996,50.2,52.2,22.8,8.8,0
2020,99.2,Jeff Green,BKN,2,68,72,44,11.0,3.9,1.6,0.5,0.4,0.8,8.0,2.0,1.5,1.7,116.1,112.8,63,59.0,62.4,15.4,8.3,0
2020,99.2,Blake Griffin,BKN,2,46,72,24,11.0,4.9,3.0,0.7,0.3,1.3,17.1,2.26,1.5,1.3,113.1,111.0,71,50.9,54.6,19.1,9.2,0
2020,99.2,Dwayne Bacon,ORL,14,72,72,21,10.9,3.1,1.3,0.6,0.1,0.6,8.0,2.02,0.8,-6.2,101.3,112.8,0.06,44.3,49.0,19.3,6.9,0
2020,99.2,Reggie Bullock,NYK,4,65,72,38,10.9,3.4,1.5,0.8,0.2,0.7,7.2,2.2,2.5,1.6,109.7,107.2,0.11900000000000001,58.7,60.6,14.0,7.4,0
2020,99.2,Oshae Brissett,IND,8,21,72,10,10.9,5.5,0.9,0.9,1.0,0.5,4.2,1.8,1.6,2.8,117.0,111.0,73,59.3,63.8,14.9,9.6,0
2020,99.2,Patty Mills,SAS,10,68,72,31,10.8,1.7,2.4,0.6,0.0,1.0,14.2,2.45,2.4,0.4,107.8,106.4,105,54.4,57.0,17.7,7.9,0
2020,99.2,Cameron Oliver,HOU,15,4,72,1,10.8,5.3,1.3,0.5,1.0,0.8,8.6,1.67,1.0,-2.8,111.2,116.4,0.027999999999999997,63.6,61.9,17.4,9.5,0
2020,99.2,Ty Jerome,OKC,14,33,72,7,10.7,2.8,3.6,0.6,0.2,1.4,22.9,2.55,2.2,-4.1,103.5,112.0,0.06,57.0,58.5,18.1,9.5,0
2020,99.2,Reggie Jackson,LAC,3,67,72,43,10.7,2.9,3.1,0.6,0.1,1.1,18.5,2.77,1.8,3.7,116.7,109.3,77,55.4,57.6,19.5,9.1,0
2020,99.2,Grayson Allen,MEM,9,50,72,26,10.6,3.2,2.2,0.9,0.2,1.0,11.6,2.25,2.1,0.2,111.6,111.0,0.07200000000000001,54.7,58.6,16.4,8.4,0
2020,99.2,Justin Holiday,IND,8,72,72,34,10.5,3.6,1.7,1.0,0.6,0.8,7.0,2.2,2.4,-0.6,110.5,111.2,85,55.1,57.1,13.8,6.5,0
2020,99.2,Donte DiVincenzo,MIL,3,66,72,44,10.4,5.8,3.1,1.1,0.2,1.4,13.7,2.23,2.0,4.6,117.3,109.1,94,52.8,54.2,16.3,8.7,0
2020,99.2,Cedi Osman,CLE,13,59,72,17,10.4,3.4,2.9,0.9,0.2,1.4,17.3,2.17,1.7,-5.5,103.3,114.2,48,45.8,48.8,19.8,7.3,0
2020,99.2,Mason Plumlee,DET,15,56,72,14,10.4,9.3,3.6,0.8,0.9,1.9,20.5,1.92,0.0,-2.7,109.1,114.0,0.052000000000000005,61.4,63.8,16.3,12.9,0
2020,99.2,Brandon Clarke,MEM,9,59,72,32,10.3,5.6,1.6,1.0,0.9,0.6,9.4,2.88,0.3,-0.3,109.5,109.3,0.08,53.7,56.0,16.7,11.0,0
2020,99.2,Delon Wright,SAC,11,63,72,21,10.2,4.3,4.4,1.6,0.5,1.3,23.7,3.35,1.0,-1.7,108.3,111.8,0.07,52.5,56.2,16.3,11.5,0
2020,99.2,Monte Morris,DEN,3,47,72,30,10.2,2.0,3.2,0.7,0.3,0.7,17.2,4.41,1.1,3.3,115.7,109.5,83,54.7,57.4,16.1,9.2,0
2020,99.2,Elfrid Payton,NYK,4,63,72,36,10.1,3.4,3.2,0.7,0.1,1.6,20.9,1.97,0.4,-1.6,107.8,110.8,68,45.5,47.8,22.4,7.9,0
2020,99.2,Theo Maledon,OKC,14,65,72,20,10.1,3.2,3.5,0.9,0.2,2.2,19.7,1.61,1.6,-9.6,97.2,113.6,57,45.4,48.9,18.8,6.3,0
2020,99.2,Jeremy Lamb,IND,8,36,72,16,10.1,3.6,1.5,0.9,0.6,0.6,9.4,2.41,1.4,-0.4,113.0,113.3,46,52.9,58.7,18.0,9.8,0
2020,99.2,Jae Crowder,PHX,2,60,72,42,10.1,4.7,2.1,0.8,0.5,0.9,10.2,2.31,2.5,3.6,114.3,107.9,0.10400000000000001,55.5,57.4,15.2,8.1,0
2020,99.2,Bryn Forbes,MIL,3,70,72,45,10.0,1.6,0.6,0.3,0.0,0.6,4.5,1.02,2.2,1.4,113.4,110.8,0.055999999999999994,61.8,63.1,18.0,7.6,0
2020,99.2,Gary Harris,ORL,14,39,72,15,9.9,2.0,2.0,0.7,0.3,0.9,10.2,2.11,1.2,-2.1,110.0,114.2,0.052000000000000005,47.0,51.1,16.4,5.3,0
2020,99.2,Dorian Finney-Smith,DAL,5,60,72,36,9.8,5.4,1.7,0.9,0.4,0.8,7.0,2.13,2.0,3.3,117.2,112.1,0.08,60.0,60.9,12.0,7.4,0
2020,99.2,Frank Jackson,DET,15,40,72,13,9.8,2.2,0.9,0.4,0.0,0.9,7.9,1.06,1.5,-0.3,106.1,107.0,0.07400000000000001,56.1,59.8,20.7,9.3,0
2020,99.2,Kentavious Caldwell-Pope,LAL,5,67,72,39,9.7,2.7,1.9,0.9,0.4,1.0,9.1,1.92,1.8,2.1,110.5,107.3,111,54.9,58.8,13.9,7.0,0
2020,99.2,Mike Muscala,OKC,14,35,72,15,9.7,3.8,0.8,0.2,0.3,0.6,6.9,1.33,1.9,0.5,102.5,101.9,102,57.3,59.9,19.4,11.2,0
2020,99.2,Otto Porter Jr.,ORL,14,28,72,12,9.7,5.4,2.0,0.6,0.1,0.9,13.3,2.2,1.4,-1.5,106.6,109.6,0.07200000000000001,51.8,55.2,18.4,11.6,0
2020,99.2,Daniel Theis,CHI,11,65,72,28,9.6,5.5,1.7,0.6,0.9,1.0,9.7,1.64,0.8,-0.5,109.4,110.8,71,59.3,60.9,15.4,9.5,0
2020,99.2,Isaac Okoro,CLE,13,67,72,20,9.6,3.1,1.9,0.9,0.4,1.3,8.6,1.49,0.9,-6.1,104.6,113.4,69,47.6,51.4,14.2,4.4,0
2020,99.2,Wayne Ellington,DET,15,46,72,13,9.6,1.8,1.5,0.4,0.2,0.7,9.7,2.03,2.5,-1.5,110.0,114.2,0.040999999999999995,61.2,62.5,16.2,7.5,0
2020,99.2,Cameron Johnson,PHX,2,60,72,43,9.6,3.3,1.4,0.6,0.3,0.7,8.3,2.15,2.0,2.9,112.2,106.5,0.1,54.1,56.3,16.4,8.1,0
2020,99.2,Eric Paschall,GSW,8,40,72,20,9.5,3.2,1.3,0.3,0.2,1.1,12.5,1.19,0.5,-2.8,103.7,110.5,51,52.7,56.1,23.4,9.8,0
2020,99.2,Taurean Prince,CLE,13,41,72,15,9.5,3.5,1.9,0.7,0.6,1.1,12.1,1.62,1.5,-3.1,108.5,114.6,0.04,49.5,54.0,18.9,8.0,0
2020,99.2,Danny Green,PHI,1,69,72,46,9.5,3.8,1.7,1.3,0.8,1.0,8.0,1.76,2.5,4.5,114.5,107.4,109,57.3,58.2,13.8,7.3,0
2020,99.2,Trevor Ariza,MIA,6,30,72,17,9.4,4.8,1.8,1.0,0.6,0.7,8.9,2.62,1.7,1.3,113.8,111.0,0.08,51.5,54.2,14.9,7.7,0
2020,99.2,Cody Zeller,CHA,10,48,72,21,9.4,6.8,1.8,0.6,0.4,1.1,12.5,1.69,0.1,0.9,112.3,110.3,65,56.5,59.9,17.7,11.4,0
2020,99.2,Larry Nance Jr.,CLE,13,35,72,13,9.3,6.7,3.1,1.7,0.5,1.6,14.5,1.95,1.2,-3.9,101.7,107.4,121,54.6,55.7,13.9,10.4,0
2020,99.2,Kenyon Martin Jr.,HOU,15,45,72,10,9.3,5.4,1.1,0.7,0.9,0.8,6.8,1.26,0.8,-6.3,105.5,117.0,0.026000000000000002,56.4,59.0,15.4,9.0,0
2020,99.2,Landry Shamet,BKN,2,61,72,39,9.3,1.8,1.6,0.5,0.2,0.8,9.7,2.06,2.1,0.9,113.6,112.4,55,54.9,57.8,16.4,6.3,0
2020,99.2,Josh Hart,NOP,11,47,72,21,9.2,8.0,2.3,0.8,0.3,1.0,10.9,2.22,1.3,0.0,111.9,112.1,0.07200000000000001,53.1,56.6,13.3,10.0,0
2020,99.2,Patrick Williams,CHI,11,71,72,30,9.2,4.6,1.4,0.9,0.6,1.4,6.8,1.01,0.8,-4.1,106.3,113.5,0.059000000000000004,53.4,56.2,14.6,7.1,0
2020,99.2,David Nwaba,HOU,15,30,72,8,9.2,3.9,1.0,1.0,0.7,0.6,7.0,1.82,0.6,-0.9,106.8,108.0,84,52.5,55.7,16.3,8.9,0
2020,99.2,Desmond Bane,MEM,9,68,72,36,9.2,3.1,1.7,0.6,0.2,0.9,10.5,2.0,1.7,0.2,110.1,109.7,0.07200000000000001,58.6,60.0,15.5,8.0,0
2020,99.2,Furkan Korkmaz,PHI,1,55,72,39,9.1,2.1,1.5,0.9,0.2,0.8,11.1,1.78,1.8,2.6,110.3,104.3,92,52.0,54.4,19.5,8.9,0
2020,99.2,De'Anthony Melton,MEM,9,52,72,27,9.1,3.1,2.5,1.2,0.6,1.3,17.2,2.0,1.7,2.3,111.4,105.4,91,54.8,56.8,18.9,10.0,0
2020,99.2,Robin Lopez,WAS,8,71,72,34,9.0,3.8,0.8,0.2,0.6,1.1,6.0,0.73,0.1,-0.2,107.9,109.0,64,63.9,66.1,16.9,10.2,0
2020,99.2,Ivica Zubac,LAC,3,72,72,47,9.0,7.2,1.3,0.3,0.9,1.1,7.9,1.11,0.0,2.5,114.3,109.3,75,65.4,69.3,14.7,11.7,0
2020,99.2,Jaylen Nowell,MIN,13,42,72,10,9.0,2.3,1.5,0.5,0.3,0.7,13.0,2.21,1.2,-2.4,104.5,111.1,51,49.9,52.8,20.6,8.1,0
2020,99.2,Talen Horton-Tucker,LAL,5,65,72,39,9.0,2.6,2.8,1.0,0.3,1.6,20.9,1.72,0.6,0.2,105.8,104.7,95,49.6,53.6,21.0,9.4,0
2020,99.2,Paul Millsap,DEN,3,56,72,38,9.0,4.7,1.8,0.9,0.6,0.9,11.3,1.92,0.9,1.8,116.2,111.5,55,53.7,56.5,18.4,9.8,0
2020,99.2,DeMarcus Cousins,LAC,3,41,72,22,8.9,6.4,1.9,0.8,0.6,1.6,17.4,1.19,1.1,-1.5,103.4,106.6,0.07400000000000001,50.3,53.7,23.9,13.0,0
2020,99.2,Michael Carter-Williams,ORL,14,31,72,12,8.8,4.5,4.2,0.8,0.5,2.2,23.8,1.87,0.5,-1.6,103.1,105.6,0.11599999999999999,41.7,44.9,19.8,6.4,0
2020,99.2,Bruce Brown,BKN,2,65,72,45,8.8,5.4,1.6,0.9,0.4,0.8,9.9,1.93,0.3,1.1,115.9,112.4,0.054000000000000006,57.6,60.4,15.7,9.8,0
2020,99.2,Danuel House Jr.,HOU,15,36,72,8,8.8,3.7,1.9,0.6,0.4,1.0,11.0,1.92,1.5,-6.2,103.4,114.5,46,50.4,52.5,15.3,6.5,0
2020,99.2,Jay Scrubb,LAC,3,4,72,2,8.8,3.5,0.3,1.0,0.0,1.8,1.5,0.14,0.5,0.5,112.8,115.6,31,41.7,45.8,21.7,5.1,0
2020,99.2,Dario Saric,PHX,2,50,72,37,8.7,3.8,1.3,0.6,0.1,1.1,10.4,1.14,0.9,4.4,115.9,104.4,85,51.6,56.7,21.8,9.4,0
2020,99.2,Isaiah Roby,OKC,14,61,72,19,8.7,5.6,1.8,0.9,0.6,1.9,11.8,0.95,0.5,-7.2,99.5,113.6,49,52.0,55.5,17.1,8.4,0
2020,99.2,Terence Davis,SAC,11,61,72,26,8.7,2.5,1.4,0.7,0.2,1.0,12.2,1.32,1.6,-1.1,107.3,110.1,55,53.5,55.5,21.3,8.7,0
2020,99.2,Raul Neto,WAS,8,64,72,30,8.7,2.4,2.3,1.1,0.1,0.8,14.1,2.75,1.0,-0.3,109.3,110.3,67,53.9,57.5,15.5,8.6,0
2020,99.2,George Hill,PHI,1,30,72,16,8.7,2.0,2.4,0.8,0.2,1.0,15.6,2.35,1.0,-0.3,109.7,110.2,67,56.1,59.6,16.1,8.8,0
2020,99.2,T.J. McConnell,IND,8,69,72,33,8.6,3.7,6.6,1.9,0.3,2.0,33.7,3.38,0.2,1.0,112.5,110.0,83,57.4,58.3,14.9,11.9,0
2020,99.2,Moses Brown,BOS,7,43,72,8,8.6,8.9,0.2,0.7,1.1,1.0,1.7,0.23,0.0,-8.4,98.1,116.4,0.027999999999999997,54.5,57.2,15.7,11.4,0
2020,99.2,Jakob Poeltl,SAS,10,69,72,32,8.6,7.9,1.9,0.7,1.8,1.2,9.6,1.61,0.0,1.6,112.2,109.0,91,61.6,61.2,13.0,10.0,0
2020,99.2,Ricky Rubio,MIN,13,68,72,23,8.6,3.3,6.4,1.4,0.1,1.6,33.0,3.9,1.0,-2.7,109.3,114.3,49,45.4,51.6,15.5,9.8,0
2020,99.2,Robert Covington,POR,5,70,72,42,8.5,6.7,1.7,1.4,1.2,0.9,6.6,1.83,1.9,2.9,118.6,113.8,64,53.3,55.3,11.4,7.2,0
2020,99.2,Svi Mykhailiuk,OKC,14,66,72,13,8.5,2.5,1.7,0.8,0.2,1.3,12.7,1.25,1.6,-3.5,103.8,112.0,51,51.5,52.9,19.0,7.7,0
2020,99.2,Cameron Payne,PHX,2,60,72,42,8.4,2.4,3.6,0.6,0.3,1.0,28.1,3.62,1.2,3.0,116.4,108.6,64,57.6,60.2,19.3,11.7,0
2020,99.2,James Ennis III,ORL,14,41,72,12,8.4,4.0,1.5,0.8,0.2,0.9,8.7,1.72,1.1,-1.8,107.9,111.7,63,56.6,61.3,13.7,7.7,0
2020,99.2,Gabriel Deck,OKC,14,10,72,1,8.4,4.0,2.4,0.8,0.0,0.6,16.0,4.0,0.2,-5.1,104.1,116.8,24,49.3,54.8,15.9,10.0,0
2020,99.2,Mitchell Robinson,NYK,4,31,72,15,8.3,8.1,0.5,1.1,1.5,0.8,3.0,0.65,0.0,-0.5,106.1,106.5,114,65.3,64.2,11.4,10.4,0
2020,99.2,Luke Kennard,LAC,3,63,72,44,8.3,2.6,1.7,0.4,0.1,0.8,12.0,2.17,1.6,-0.4,114.0,114.4,0.036000000000000004,59.7,60.8,16.6,8.4,0
2020,99.2,Cory Joseph,DET,15,63,72,25,8.2,2.5,3.4,1.0,0.3,1.3,20.4,2.7,0.7,-3.1,109.8,115.3,0.037000000000000005,52.2,55.6,15.9,7.9,0
2020,99.2,Sterling Brown,HOU,15,51,72,14,8.2,4.4,1.4,0.7,0.2,0.8,8.8,1.76,1.8,-3.0,105.5,110.8,69,58.4,59.7,13.3,8.2,0
2020,99.2,Aleksej Pokusevski,OKC,14,45,72,13,8.2,4.7,2.2,0.4,0.9,2.2,13.3,0.98,1.3,-8.7,98.1,114.9,42,41.2,43.0,19.7,5.8,0
2020,99.2,Hassan Whiteside,SAC,11,36,72,16,8.1,6.0,0.6,0.3,1.3,1.1,5.8,0.5,0.0,-2.9,106.3,114.5,0.027999999999999997,56.3,56.6,22.7,12.3,0
2020,99.2,JaMychal Green,DEN,3,58,72,38,8.1,4.8,0.9,0.4,0.4,0.9,7.0,1.0,1.4,1.7,111.8,107.6,73,56.8,59.0,17.2,8.8,0
2020,99.2,Nicolas Batum,LAC,3,67,72,44,8.1,4.7,2.2,1.0,0.6,0.8,10.5,2.79,1.6,5.1,117.1,108.2,0.1,59.7,61.7,11.6,8.8,0
2020,99.2,Robert Williams III,BOS,7,52,72,29,8.0,6.9,1.8,0.8,1.8,1.0,13.7,1.81,0.0,0.2,112.4,112.0,48,72.1,71.9,14.5,15.2,0
2020,99.2,Tyrese Maxey,PHI,1,61,72,41,8.0,1.7,2.0,0.4,0.2,0.7,20.7,2.93,0.5,-0.9,106.4,108.0,57,49.8,53.1,22.2,10.6,0
2020,99.2,Mo Bamba,ORL,14,46,72,11,8.0,5.8,0.8,0.3,1.3,0.8,8.2,0.97,0.8,-4.4,102.4,115.2,25,53.5,55.6,21.0,12.3,0
2020,99.2,Kenrich Williams,OKC,14,66,72,21,8.0,4.1,2.3,0.8,0.3,1.2,15.3,2.0,0.8,-2.7,104.8,111.1,61,59.6,59.9,14.8,9.0,0
2020,99.2,Austin Rivers,DEN,3,36,72,20,7.9,2.3,2.3,0.8,0.1,1.0,13.6,2.25,1.5,0.3,110.3,110.3,71,53.7,55.1,15.0,6.7,0
2020,99.2,Isaiah Stewart,DET,15,68,72,20,7.9,6.7,0.9,0.6,1.3,1.0,6.4,0.88,0.3,-0.9,105.5,107.4,83,57.8,59.7,15.0,10.8,0
2020,99.2,Anfernee Simons,POR,5,64,72,37,7.8,2.2,1.4,0.3,0.1,0.7,11.7,2.07,1.9,0.7,115.2,114.4,31,56.9,58.9,18.0,7.9,0
2020,99.2,Willy Hernangomez,NOP,11,47,72,20,7.8,7.1,1.1,0.5,0.5,0.7,8.2,1.47,0.0,-0.3,113.6,113.6,38,56.5,59.1,16.6,12.5,0
2020,99.2,Chuma Okeke,ORL,14,45,72,15,7.8,4.0,2.2,1.1,0.5,0.8,13.2,2.66,1.1,-4.0,102.6,109.8,81,49.2,51.1,14.2,8.4,0
2020,99.2,Payton Pritchard,BOS,7,66,72,33,7.7,2.4,1.8,0.6,0.1,0.8,13.6,2.26,1.5,0.6,111.2,110.6,0.055999999999999994,56.2,58.2,16.2,8.2,0
2020,99.2,Tomas Satoransky,CHI,11,58,72,25,7.7,2.4,4.7,0.7,0.2,1.7,27.8,2.82,0.7,0.0,109.4,110.1,68,57.8,61.4,15.0,9.6,0
2020,99.2,P.J. Dozier,DEN,3,50,72,36,7.7,3.6,1.8,0.6,0.4,0.9,11.6,2.0,0.9,3.9,112.0,102.5,0.11699999999999999,48.3,50.1,16.6,7.6,0
2020,99.2,Mike James,BKN,2,13,72,9,7.7,2.5,4.2,0.5,0.1,1.5,30.3,2.7,0.8,1.5,115.6,111.6,48,42.9,48.1,23.1,9.2,0
2020,99.2,Naji Marshall,NOP,11,32,72,14,7.7,4.6,2.8,0.8,0.3,1.2,16.5,2.32,0.9,-0.9,108.1,109.6,73,46.2,50.8,16.0,8.8,0
2020,99.2,D.J. Augustin,HOU,15,57,72,28,7.7,1.6,3.3,0.5,0.0,1.1,22.3,2.89,1.5,-0.7,112.7,114.5,35,51.5,57.0,16.4,7.9,0
2020,99.2,Isaiah Thomas,NOP,11,3,72,1,7.7,1.3,1.7,0.3,0.0,2.0,16.7,0.83,1.0,2.7,106.7,100.0,99,38.9,41.2,27.4,3.3,0
2020,99.2,Ben McLemore,LAL,5,53,72,20,7.7,1.9,0.7,0.4,0.2,0.8,6.4,0.93,1.8,-1.9,105.0,109.2,0.06,50.3,52.3,19.2,5.3,0
2020,99.2,Tristan Thompson,BOS,7,54,72,27,7.6,8.1,1.2,0.4,0.6,1.1,7.3,1.08,0.0,0.4,111.9,110.9,68,51.8,54.0,14.4,9.3,0
2020,99.2,Garrett Temple,CHI,11,56,72,25,7.6,2.9,2.2,0.8,0.5,1.0,10.4,2.14,1.2,0.9,110.8,109.3,0.09300000000000001,50.3,52.5,12.6,5.1,0
2020,99.2,Steven Adams,NOP,11,58,72,26,7.6,8.9,1.9,0.9,0.7,1.3,8.8,1.42,0.0,0.3,114.9,115.0,45,61.4,59.6,11.8,9.0,0
2020,99.2,Edmond Sumner,IND,8,53,72,23,7.5,1.8,0.9,0.6,0.2,1.0,7.5,0.96,0.7,-0.6,111.8,112.2,0.040999999999999995,58.7,62.6,17.6,7.2,0
2020,99.2,Patrick Beverley,LAC,3,37,72,25,7.5,3.2,2.1,0.8,0.8,0.9,12.3,2.24,1.5,4.0,115.7,106.7,92,55.0,58.0,14.6,6.6,0
2020,99.2,Malachi Flynn,TOR,12,47,72,21,7.5,2.5,2.9,0.8,0.1,0.9,22.5,3.19,1.1,-2.1,103.8,109.4,65,45.3,48.4,18.3,8.3,0
2020,99.2,Henry Ellenson,TOR,12,2,72,0,7.5,6.0,2.5,0.0,0.0,0.0,20.8,0.0,1.0,3.5,98.8,88.2,193,42.9,47.6,16.7,10.6,0
2020,99.2,Jaxson Hayes,NOP,11,60,72,24,7.5,4.3,0.6,0.4,0.6,0.7,5.7,0.9,0.1,-0.4,104.6,105.5,73,63.6,67.5,15.6,12.3,0
2020,99.2,DeAndre Jordan,BKN,2,57,72,37,7.5,7.5,1.6,0.3,1.1,1.5,9.9,1.09,0.0,-0.7,113.0,114.8,0.037000000000000005,76.3,73.6,12.8,11.2,0
2020,99.2,JJ Redick,DAL,5,44,72,22,7.4,1.5,1.2,0.3,0.1,0.8,9.8,1.42,1.5,0.0,109.3,110.6,0.05,52.1,56.4,18.4,6.7,0
2020,99.2,Jalen Harris,TOR,12,13,72,3,7.4,1.4,1.3,0.6,0.0,1.1,15.3,1.21,1.3,-0.1,108.2,107.8,51,61.8,63.2,21.9,9.7,0
2020,99.2,Jalen McDaniels,CHA,10,47,72,18,7.4,3.6,1.1,0.6,0.4,1.0,9.0,1.18,0.7,-3.8,104.6,113.9,0.037000000000000005,53.0,55.4,16.9,7.3,0
2020,99.2,Louis King,SAC,11,6,72,3,7.3,3.0,1.5,1.2,0.5,0.7,18.0,2.25,0.7,-0.5,97.3,100.5,85,55.9,60.0,19.1,14.8,0
2020,99.2,JaVale McGee,DEN,3,46,72,21,7.3,5.2,0.8,0.4,1.2,1.3,9.8,0.65,0.1,-1.9,100.9,106.9,0.06,52.0,54.1,22.8,11.5,0
2020,99.2,James Johnson,NOP,11,51,72,21,7.2,3.5,1.9,0.8,0.8,1.1,13.4,1.78,0.6,-2.5,106.4,111.4,0.055999999999999994,49.4,51.0,16.6,7.1,0
2020,99.2,Juancho Hernangomez,MIN,13,52,72,19,7.2,3.9,0.7,0.4,0.1,0.5,5.5,1.3,1.1,-1.4,110.5,115.4,0.027000000000000003,52.7,54.9,16.7,8.5,0
2020,99.2,Justin Jackson,MIL,3,34,72,12,7.2,2.3,1.5,0.4,0.1,0.9,13.6,1.63,1.1,-1.2,103.8,106.8,69,48.4,51.6,19.5,7.7,0
2020,99.2,Aaron Holiday,IND,8,66,72,30,7.2,1.3,1.9,0.7,0.2,1.0,13.9,1.86,1.0,0.0,110.1,110.3,55,46.7,50.3,18.9,5.7,0
2020,99.2,Khem Birch,TOR,12,67,72,23,7.2,5.8,1.3,0.7,0.7,0.7,8.5,2.02,0.2,-1.9,106.1,109.7,73,51.4,55.2,13.3,8.9,0
2020,99.2,Kent Bazemore,GSW,8,67,72,35,7.2,3.4,1.6,1.0,0.5,1.2,10.8,1.32,1.1,2.5,110.5,104.6,94,54.5,56.4,15.9,7.5,0
2020,99.2,Tony Bradley,OKC,14,42,72,15,7.1,5.7,0.9,0.4,0.7,0.8,7.7,1.12,0.0,-0.4,108.7,110.5,48,66.5,67.8,15.4,13.2,0
2020,99.2,Dewayne Dedmon,MIA,6,16,72,11,7.1,5.4,0.8,0.6,0.4,0.8,8.3,0.92,0.1,4.3,121.3,104.2,64,71.5,73.5,18.3,14.9,0
2020,99.2,Maxi Kleber,DAL,5,50,72,31,7.1,5.2,1.4,0.5,0.7,0.6,6.6,2.27,1.7,2.7,113.5,108.9,0.09300000000000001,58.0,60.6,10.3,7.3,0
2020,99.2,Draymond Green,GSW,8,63,72,35,7.0,7.1,8.9,1.7,0.8,3.0,34.5,2.97,0.5,3.8,114.8,109.3,105,49.2,53.0,12.8,10.7,0
2020,99.2,Terance Mann,LAC,3,67,72,45,7.0,3.6,1.6,0.4,0.2,0.6,11.4,2.6,0.6,0.5,112.4,109.7,62,56.3,60.3,14.4,9.1,0
2020,99.2,Daniel Gafford,WAS,8,54,72,31,7.0,4.3,0.5,0.5,1.4,0.8,5.1,0.71,0.0,0.9,112.5,108.4,53,68.4,69.7,16.1,12.2,0
2020,99.2,Ignas Brazdeikis,ORL,14,13,72,3,7.0,3.5,1.3,0.3,0.2,0.9,10.0,1.42,0.8,-2.1,110.3,114.6,35,48.8,51.0,17.1,6.3,0
2020,99.2,Royce O'Neale,UTA,1,71,72,51,7.0,6.8,2.5,0.8,0.5,1.2,10.3,2.18,1.5,6.6,117.7,107.3,0.12300000000000001,58.0,59.9,9.5,7.4,0
2020,99.2,Dwight Howard,PHI,1,69,72,46,7.0,8.4,0.9,0.4,0.9,1.6,7.6,0.54,0.1,-1.0,103.9,106.3,73,59.6,61.0,17.3,13.0,0
2020,99.2,Georges Niang,UTA,1,72,72,52,6.9,2.4,0.8,0.3,0.1,0.7,7.1,1.16,1.7,4.9,114.9,100.3,0.09699999999999999,59.0,60.2,16.9,7.6,0
2020,99.2,R.J. Hampton,ORL,14,51,72,20,6.9,3.5,1.7,0.4,0.2,1.0,15.5,1.64,0.5,-5.6,102.6,116.7,0.02,47.8,50.7,19.1,8.5,0
2020,99.2,Moritz Wagner,ORL,14,45,72,19,6.9,3.2,1.1,0.6,0.4,1.0,10.7,1.16,0.7,-3.2,104.9,112.8,39,52.2,58.0,17.8,8.0,0
2020,99.2,Justise Winslow,MEM,9,26,72,13,6.8,4.5,1.9,0.6,0.5,1.4,14.0,1.35,0.4,-3.0,101.0,107.1,0.08,37.6,39.5,21.2,6.0,0
2020,99.2,Derrick Jones Jr.,POR,5,58,72,32,6.8,3.5,0.8,0.6,0.9,0.6,4.9,1.47,0.7,-1.1,113.3,114.0,0.044000000000000004,55.4,57.6,12.2,5.8,0
2020,99.2,Gorgui Dieng,SAS,10,38,72,14,6.8,3.7,1.3,0.7,0.4,0.8,13.0,1.5,0.8,-1.8,106.6,113.2,32,61.3,67.0,16.9,12.0,0
2020,99.2,Pat Connaughton,MIL,3,69,72,44,6.8,4.8,1.2,0.7,0.3,0.5,6.4,2.45,1.5,3.2,114.3,107.3,0.09,56.5,57.8,11.3,7.9,0
2020,99.2,Jaden McDaniels,MIN,13,63,72,18,6.8,3.7,1.1,0.6,1.0,0.7,6.4,1.51,1.1,-1.6,109.6,113.1,53,54.5,55.2,11.8,5.0,0
2020,99.2,Killian Hayes,DET,15,26,72,6,6.8,2.7,5.3,1.0,0.4,3.2,29.9,1.66,0.8,-5.0,100.6,110.7,76,40.3,42.2,18.5,5.3,0
2020,99.2,Jeff Teague,MIL,3,55,72,27,6.7,1.6,2.4,0.6,0.2,1.2,18.2,2.06,0.7,1.0,113.0,110.3,0.052000000000000005,49.6,56.2,17.4,7.9,0
2020,99.2,Ish Smith,WAS,8,44,72,23,6.7,3.4,3.9,0.7,0.3,0.9,24.2,4.2,0.4,1.2,111.0,108.7,73,46.5,47.3,15.5,9.3,0
2020,99.2,Damyean Dotson,CLE,13,46,72,14,6.7,2.0,2.0,0.3,0.1,0.9,16.1,2.17,1.0,-4.7,97.0,109.4,65,48.5,49.9,16.2,6.9,0
2020,99.2,Dennis Smith Jr.,DET,15,23,72,7,6.7,2.4,3.3,1.0,0.6,1.1,27.6,2.96,0.8,-0.8,105.8,108.1,67,46.6,49.2,19.1,9.3,0
2020,99.2,Markieff Morris,LAL,5,61,72,32,6.7,4.4,1.2,0.4,0.3,0.9,8.8,1.35,1.1,0.3,107.1,106.3,84,49.1,50.9,16.0,7.6,0
2020,99.2,Abdel Nader,PHX,2,24,72,16,6.7,2.6,0.8,0.4,0.4,0.8,7.8,1.0,0.8,1.2,106.7,101.7,86,56.9,60.5,18.3,9.2,0
2020,99.2,Spencer Dinwiddie,BKN,2,3,72,2,6.7,4.3,3.0,0.7,0.3,1.7,17.3,1.8,0.7,14.0,118.4,88.7,0.21,43.8,53.6,15.4,10.2,0
2020,99.2,Trey Burke,DAL,5,62,72,35,6.6,0.9,1.3,0.6,0.1,0.5,12.9,2.45,0.9,0.2,111.5,110.2,46,51.0,54.4,19.3,7.6,0
2020,99.2,Nic Claxton,BKN,2,32,72,23,6.6,5.2,0.9,0.7,1.3,0.6,6.8,1.56,0.0,4.9,114.3,102.1,0.10099999999999999,62.4,61.2,13.6,10.9,0
2020,99.2,Xavier Tillman Sr.,MEM,9,59,72,31,6.6,4.3,1.3,0.7,0.6,0.8,9.6,1.67,0.4,0.6,109.5,106.6,76,59.5,60.5,14.2,9.5,0
2020,99.2,Alex Len,WAS,8,64,72,30,6.6,4.1,0.8,0.3,1.0,0.9,6.9,0.89,0.1,-1.5,106.9,111.0,0.044000000000000004,62.9,64.3,16.1,9.7,0
2020,99.2,Frank Kaminsky,PHX,2,47,72,33,6.6,4.0,1.7,0.3,0.4,0.5,15.4,3.59,0.7,1.2,113.5,108.9,53,53.1,54.7,18.5,10.6,0
2020,99.2,Denzel Valentine,CHI,11,62,72,26,6.5,3.2,1.7,0.5,0.1,0.7,14.4,2.5,1.3,0.7,107.7,106.7,68,46.9,47.9,19.0,8.5,0
2020,99.2,Damion Lee,GSW,8,57,72,28,6.5,3.2,1.3,0.7,0.1,0.5,9.4,2.43,1.4,0.7,109.7,108.2,69,60.8,63.6,12.7,8.8,0
2020,99.2,Nemanja Bjelica,MIA,6,37,72,16,6.5,3.4,1.9,0.4,0.1,0.9,16.0,2.09,0.7,-1.8,109.8,116.5,0.02,52.3,55.4,17.9,8.4,0
2020,99.2,Marquese Chriss,GSW,8,2,72,0,6.5,6.5,1.0,0.0,1.0,1.0,20.0,1.0,0.5,-12.5,79.0,119.4,5,39.3,41.2,25.0,11.0,0
2020,99.2,Chasson Randle,ORL,14,41,72,10,6.5,2.0,1.8,0.5,0.1,1.1,14.3,1.61,1.1,-6.5,97.7,112.7,48,48.1,51.5,15.4,5.4,0
2020,99.2,Avery Bradley,HOU,15,27,72,6,6.4,2.1,1.7,0.8,0.1,1.0,10.8,1.64,1.2,-4.9,105.3,115.5,34,47.1,48.7,14.6,3.9,0
2020,99.2,Alex Caruso,LAL,5,58,72,32,6.4,2.9,2.8,1.1,0.3,1.3,19.0,2.11,0.9,2.1,107.2,101.7,0.11800000000000001,52.6,54.7,14.4,8.4,0
2020,99.2,Timothe Luwawu-Cabarrot,BKN,2,58,72,38,6.4,2.2,1.2,0.6,0.1,0.7,8.8,1.6,1.3,-0.4,112.5,112.9,42,47.1,49.3,16.5,4.7,0
2020,99.2,Kira Lewis Jr.,NOP,11,54,72,23,6.4,1.3,2.3,0.7,0.2,0.6,19.1,3.65,0.7,0.4,108.9,108.1,62,44.5,47.7,17.6,6.4,0
2020,99.2,Deni Avdija,WAS,8,54,72,25,6.3,4.9,1.2,0.6,0.3,0.6,6.4,1.91,1.0,-1.5,107.8,109.9,0.07400000000000001,50.2,51.5,11.8,6.0,0
2020,99.2,Tyus Jones,MEM,9,70,72,36,6.3,2.0,3.7,0.9,0.1,0.7,30.5,5.4,0.6,-1.2,104.9,107.8,66,48.5,51.1,16.5,11.3,0
2020,99.2,Chimezie Metu,SAC,11,36,72,14,6.3,3.1,0.8,0.4,0.5,0.8,8.0,0.97,0.4,-1.6,108.7,116.4,17,54.5,57.1,19.4,8.3,0
2020,99.2,Frank Mason III,ORL,14,4,72,1,6.3,3.0,3.0,0.0,0.0,1.3,21.8,2.4,0.5,-4.8,96.9,108.0,0.07200000000000001,41.7,46.2,17.0,5.9,0
2020,99.2,Robert Franks,ORL,14,7,72,0,6.1,2.0,0.7,0.4,0.4,0.3,7.0,2.5,0.7,-3.6,106.0,120.5,1,55.4,63.8,14.8,9.1,0
2020,99.2,Aron Baynes,TOR,12,53,72,20,6.1,5.2,0.9,0.3,0.4,0.9,7.0,1.02,0.5,-1.5,106.6,111.0,53,48.5,50.3,15.7,7.0,0
2020,99.2,Jaylen Hoard,OKC,14,19,72,1,6.1,3.4,1.3,0.7,0.3,0.9,11.0,1.41,0.0,-3.3,99.9,108.9,0.059000000000000004,50.0,54.7,15.6,9.3,0
2020,99.2,Facundo Campazzo,DEN,3,65,72,43,6.1,2.1,3.6,1.2,0.2,1.1,21.5,3.18,1.2,1.2,111.6,108.8,76,50.2,55.8,12.8,7.4,0
2020,99.2,Max Strus,MIA,6,39,72,14,6.1,1.1,0.6,0.3,0.1,0.2,7.4,3.0,1.3,-1.0,109.4,113.6,0.027000000000000003,58.8,59.7,17.9,7.2,0
2020,99.2,Dakota Mathias,PHI,1,8,72,4,6.0,0.9,1.6,0.1,0.4,0.1,15.7,13.0,1.0,-3.9,97.3,107.9,0.059000000000000004,47.9,47.4,16.6,6.2,0
2020,99.2,Dean Wade,CLE,13,63,72,19,6.0,3.4,1.2,0.6,0.3,0.5,9.4,2.47,1.2,-3.5,102.9,111.9,49,55.6,57.3,12.8,8.2,0
2020,99.2,Dwight Powell,DAL,5,58,72,36,5.9,4.0,1.1,0.6,0.5,0.7,9.0,1.58,0.1,1.3,112.8,108.8,0.059000000000000004,63.1,68.8,12.9,9.9,0
2020,99.2,Drew Eubanks,SAS,10,54,72,21,5.8,4.5,0.8,0.3,0.9,0.8,8.6,0.93,0.0,-1.8,103.6,108.2,0.052000000000000005,57.1,61.8,16.6,11.5,0
2020,99.2,DeAndre' Bembry,TOR,12,51,72,23,5.7,2.9,2.1,1.0,0.4,1.4,15.7,1.51,0.3,0.1,108.1,107.7,73,54.4,57.0,14.2,7.9,0
2020,99.2,Jordan Nwora,MIL,3,30,72,19,5.7,2.0,0.2,0.6,0.3,0.8,4.0,0.29,0.9,-0.1,106.8,107.1,0.037000000000000005,56.3,58.6,25.4,11.3,0
2020,99.2,Rodney McGruder,DET,15,16,72,3,5.7,1.4,1.0,0.5,0.1,0.4,12.8,2.29,0.7,-1.1,111.7,115.8,17,60.7,61.9,17.9,9.7,0
2020,99.2,Juan Toscano-Anderson,GSW,8,53,72,28,5.7,4.4,2.8,0.8,0.5,1.2,18.1,2.46,0.7,1.8,109.4,105.6,92,66.7,67.6,10.8,9.8,0
2020,99.2,Mychal Mulder,GSW,8,60,72,33,5.6,1.0,0.4,0.2,0.2,0.3,4.7,1.63,1.4,1.1,111.3,108.4,46,60.9,61.3,15.7,6.2,0
2020,99.2,Donta Hall,ORL,14,13,72,3,5.6,4.8,0.8,0.4,0.8,0.6,10.2,1.38,0.0,-1.5,97.9,104.5,67,71.4,73.1,13.5,14.5,0
2020,99.2,Yogi Ferrell,LAC,3,10,72,4,5.6,1.9,2.2,0.7,0.3,0.3,22.9,7.33,0.9,-0.1,106.7,107.1,55,43.0,45.9,19.3,9.4,0
2020,99.2,Saben Lee,DET,15,48,72,14,5.6,2.0,3.6,0.7,0.3,1.1,33.3,3.16,0.2,-1.9,105.4,111.7,43,49.0,53.6,17.1,9.6,0
2020,99.2,Freddie Gillespie,TOR,12,20,72,7,5.6,4.9,0.5,0.7,1.0,0.6,3.4,0.75,0.0,-3.9,101.3,110.9,0.055999999999999994,52.4,56.3,12.0,7.5,0
2020,99.2,Anthony Lamb,HOU,15,24,72,3,5.5,2.9,1.0,0.3,0.2,0.8,8.0,1.21,1.0,-3.7,105.1,114.3,33,48.7,52.3,14.4,5.0,0
2020,99.2,Jabari Parker,BOS,7,13,72,4,5.5,3.2,0.8,0.1,0.4,0.8,10.5,1.1,0.2,-1.1,100.6,106.1,0.054000000000000006,56.4,59.3,17.5,11.7,0
2020,99.2,Garrison Mathews,WAS,8,64,72,32,5.5,1.4,0.4,0.5,0.1,0.2,3.2,2.6,1.2,-2.1,107.7,113.4,35,57.0,63.5,11.1,5.2,0
2020,99.2,Brad Wanamaker,CHA,10,61,72,29,5.5,1.7,2.9,0.7,0.2,1.2,25.1,2.45,0.3,-2.1,101.4,107.1,69,41.1,48.9,16.6,7.5,0
2020,99.2,Devin Vassell,SAS,10,62,72,30,5.5,2.8,0.9,0.7,0.3,0.4,7.1,2.55,0.8,-1.0,106.5,108.9,0.06,49.2,52.4,13.8,7.1,0
2020,99.2,Torrey Craig,PHX,2,50,72,33,5.5,3.9,1.0,0.6,0.5,0.5,8.4,1.96,0.8,-1.9,111.0,114.7,0.028999999999999998,56.6,57.9,14.1,8.6,0
2020,99.2,Derrick Favors,UTA,1,68,72,49,5.4,5.5,0.6,0.5,1.0,0.5,5.9,1.22,0.0,0.5,114.1,111.6,0.040999999999999995,63.8,66.3,12.5,11.1,0
2020,99.2,Justin Patton,HOU,15,13,72,1,5.4,3.8,1.1,0.9,1.1,0.3,8.4,3.5,0.7,-6.2,100.8,114.9,32,47.9,48.8,12.8,6.5,0
2020,99.2,Tyler Johnson,BKN,2,39,72,29,5.4,2.0,1.2,0.4,0.0,0.4,9.1,2.76,1.2,1.2,114.0,110.7,51,52.5,54.6,13.2,5.9,0
2020,99.2,Rajon Rondo,LAC,3,45,72,28,5.4,2.4,4.4,0.8,0.1,1.8,37.5,2.52,0.8,0.5,107.7,106.8,0.07,52.6,54.4,16.6,11.0,0
2020,99.2,Jarred Vanderbilt,MIN,13,64,72,18,5.4,5.8,1.2,1.0,0.7,0.8,9.1,1.43,0.0,-0.8,108.1,109.2,61,60.8,61.2,11.8,10.7,0
2020,99.2,Jahlil Okafor,DET,15,27,72,5,5.4,2.4,0.5,0.2,0.2,0.8,6.6,0.62,0.1,-3.1,98.5,108.7,46,62.7,64.4,17.0,8.9,0
2020,99.2,Josh Okogie,MIN,13,59,72,21,5.4,2.6,1.1,0.9,0.5,0.7,7.2,1.47,0.5,-3.3,107.7,114.3,38,45.9,52.4,11.9,4.5,0
2020,99.2,Taj Gibson,NYK,4,45,72,29,5.4,5.6,0.8,0.7,1.1,0.5,5.4,1.64,0.1,2.9,110.5,103.1,0.10800000000000001,63.6,66.1,9.5,9.5,0
2020,99.2,Tony Snell,ATL,4,47,72,29,5.3,2.4,1.3,0.3,0.2,0.4,8.0,2.81,1.3,1.4,113.8,111.6,55,69.6,70.8,8.4,6.0,0
2020,99.2,Jarrett Culver,MIN,13,34,72,7,5.3,3.1,0.7,0.5,0.3,0.8,7.9,0.86,0.4,-3.9,99.0,109.7,48,44.9,47.6,17.9,5.7,0
2020,99.2,Willie Cauley-Stein,DAL,5,53,72,29,5.3,4.5,0.7,0.4,0.8,0.5,5.3,1.21,0.0,2.6,114.4,105.0,79,63.5,64.7,12.0,8.4,0
2020,99.2,Glenn Robinson III,SAC,11,23,72,9,5.3,2.0,0.9,0.2,0.1,0.5,7.5,1.82,0.7,-5.7,105.2,122.5,-0.009000000000000001,50.5,55.4,13.5,5.7,0
2020,99.2,Mason Jones,PHI,1,32,72,10,5.3,1.7,1.3,0.2,0.0,0.9,21.1,1.45,0.8,-2.8,98.9,108.8,38,52.0,55.6,21.7,9.2,0
2020,99.2,Maurice Harkless,SAC,11,37,72,16,5.2,2.4,1.2,0.8,0.5,0.6,7.1,2.0,0.6,-1.2,109.7,112.7,49,48.8,52.7,11.4,4.4,0
2020,99.2,D.J. Wilson,HOU,15,35,72,13,5.2,3.2,0.7,0.3,0.5,0.6,8.8,1.05,0.9,-3.0,99.7,111.0,35,49.4,51.1,19.5,8.7,0
2020,99.2,Alize Johnson,BKN,2,18,72,10,5.2,5.0,0.8,0.3,0.3,0.5,11.0,1.56,0.1,-1.0,107.5,112.1,0.026000000000000002,59.6,63.8,17.5,17.4,0
2020,99.2,Dylan Windler,CLE,13,31,72,11,5.2,3.5,1.1,0.6,0.4,1.0,8.9,1.03,0.8,-2.0,104.6,111.1,48,53.8,56.7,14.0,8.2,0
2020,99.2,Patrick Patterson,LAC,3,38,72,26,5.2,2.0,0.8,0.4,0.2,0.3,6.9,2.64,1.1,0.6,111.2,109.1,53,55.8,57.1,13.5,6.6,0
2020,99.2,Goga Bitadze,IND,8,45,72,19,5.1,3.3,0.8,0.2,1.3,0.4,8.7,2.18,0.4,-0.4,108.5,109.3,43,47.9,52.3,16.9,7.8,0
2020,99.2,Jake Layman,MIN,13,45,72,12,5.1,1.5,0.6,0.6,0.4,0.6,6.7,1.08,0.5,-1.8,101.5,107.3,55,55.7,57.7,14.7,7.4,0
2020,99.2,Isaiah Hartenstein,CLE,13,46,72,20,5.1,3.9,1.2,0.4,0.8,1.0,14.7,1.25,0.0,0.0,107.8,105.7,55,55.6,58.3,18.7,10.8,0
2020,99.2,Sekou Doumbouya,DET,15,56,72,15,5.1,2.6,0.8,0.4,0.2,0.8,8.0,1.07,0.5,-2.4,104.5,111.5,42,42.6,45.9,17.6,4.5,0
2020,99.2,Nerlens Noel,NYK,4,64,72,35,5.1,6.4,0.7,1.1,2.2,1.0,4.1,0.71,0.0,0.0,109.2,108.5,86,61.4,63.8,9.2,8.2,0
2020,99.2,Marc Gasol,LAL,5,52,72,32,5.0,4.1,2.1,0.5,1.1,1.0,14.5,2.06,1.0,1.7,108.5,104.2,92,58.2,60.6,11.7,8.3,0
2020,99.2,Jordan McLaughlin,MIN,13,51,72,15,5.0,2.1,3.8,1.0,0.1,1.0,29.2,3.78,0.6,-2.6,102.6,108.8,64,48.1,50.2,13.3,9.5,0
2020,99.2,Bismack Biyombo,CHA,10,66,72,28,5.0,5.3,1.2,0.3,1.1,1.1,8.7,1.14,0.0,-4.2,102.8,111.7,0.054000000000000006,58.7,57.4,11.3,6.8,0
2020,99.2,Trey Lyles,SAS,10,23,72,10,5.0,3.7,0.6,0.3,0.0,0.3,6.0,2.33,0.6,-4.7,98.4,112.9,35,55.6,57.4,12.8,9.8,0
2020,99.2,Precious Achiuwa,MIA,6,61,72,31,5.0,3.4,0.5,0.3,0.5,0.7,6.4,0.67,0.0,-1.9,102.0,109.2,42,54.4,55.0,18.4,8.6,0
2020,99.2,Caleb Martin,CHA,10,53,72,23,5.0,2.7,1.3,0.7,0.2,0.6,12.3,2.03,0.6,-1.9,104.7,109.5,51,43.6,46.5,16.4,6.7,0
2020,99.2,E'Twaun Moore,PHX,2,27,72,20,4.9,1.7,1.5,0.6,0.2,0.9,14.0,1.74,0.4,0.3,108.4,107.9,55,50.0,52.3,16.4,6.4,0
2020,99.2,Jerome Robinson,WAS,8,17,72,5,4.9,2.2,1.5,0.7,0.4,1.1,11.4,1.32,0.6,-5.9,100.0,113.1,0.04,35.3,40.0,16.1,3.1,0
2020,99.2,Tyler Cook,DET,15,32,72,11,4.9,3.0,0.5,0.3,0.1,0.7,5.7,0.81,0.0,-1.1,106.6,110.8,39,67.5,65.9,13.6,8.8,0
2020,99.2,Brandon Goodwin,ATL,4,47,72,25,4.9,1.5,2.0,0.4,0.0,0.8,24.6,2.64,0.7,-1.3,104.7,109.1,45,44.8,47.1,19.0,7.2,0
2020,99.2,Gabe Vincent,MIA,6,50,72,27,4.8,1.1,1.3,0.4,0.0,0.7,16.1,1.97,0.9,-1.5,104.3,110.3,0.04,47.6,49.8,18.4,4.9,0
2020,99.2,Wesley Matthews,LAL,5,58,72,33,4.8,1.6,0.9,0.7,0.3,0.4,6.5,2.08,1.1,0.7,106.9,105.0,0.09,48.4,51.7,11.1,4.4,0
2020,99.2,Langston Galloway,PHX,2,40,72,29,4.8,1.1,0.7,0.2,0.0,0.3,8.0,2.0,0.9,0.9,110.7,107.5,43,57.1,60.5,16.3,7.6,0
2020,99.2,Aaron Nesmith,BOS,7,46,72,22,4.7,2.8,0.5,0.3,0.2,0.5,4.7,1.0,0.9,-0.2,108.6,109.1,0.05,55.1,57.3,13.3,6.0,0
2020,99.2,Troy Brown Jr.,CHI,11,34,72,10,4.7,3.1,0.9,0.3,0.2,0.6,7.6,1.38,0.6,0.8,110.5,107.5,0.06,50.7,52.5,14.1,6.7,0
2020,99.2,Boban Marjanovic,DAL,5,33,72,14,4.7,3.9,0.3,0.1,0.2,0.4,6.0,0.83,0.0,0.7,107.0,101.1,48,51.2,56.2,23.1,16.2,0
2020,99.2,Damian Jones,SAC,11,39,72,24,4.7,3.1,0.7,0.3,0.7,0.7,7.5,1.12,0.0,-1.7,104.9,110.0,45,68.4,71.2,12.0,8.3,0
2020,99.2,Grant Williams,BOS,7,63,72,30,4.7,2.8,1.0,0.5,0.4,0.9,7.9,1.14,0.8,-0.8,107.4,109.3,61,53.4,54.6,12.0,4.0,0
2020,99.2,Semi Ojeleye,BOS,7,56,72,28,4.6,2.6,0.7,0.3,0.0,0.4,5.4,1.76,1.0,0.1,107.6,107.8,63,53.4,55.3,11.4,6.3,0
2020,99.2,JaKarr Sampson,IND,8,29,72,14,4.6,2.7,0.1,0.1,0.5,0.5,1.7,0.27,0.1,0.1,109.9,108.9,38,50.9,53.3,17.7,5.9,0
2020,99.2,Nassir Little,POR,5,48,72,27,4.6,2.7,0.5,0.1,0.3,0.4,4.9,1.28,0.6,-0.8,116.2,118.4,0.009000000000000001,55.1,58.9,13.5,7.2,0
2020,99.2,Onyeka Okongwu,ATL,4,50,72,31,4.6,3.3,0.4,0.5,0.7,0.6,4.7,0.62,0.0,-1.8,106.2,112.6,0.028999999999999998,64.4,65.5,14.1,8.7,0
2020,99.2,Kelan Martin,IND,8,35,72,16,4.5,2.2,0.5,0.3,0.3,0.5,7.1,1.06,0.7,2.7,115.3,99.7,57,53.6,55.1,19.9,9.9,0
2020,99.2,Rodney Hood,TOR,12,55,72,29,4.5,1.9,1.0,0.4,0.1,0.7,8.3,1.47,0.6,-2.4,107.4,114.0,33,42.7,45.2,13.9,3.7,0
2020,99.2,Solomon Hill,ATL,4,71,72,41,4.5,3.0,1.1,0.7,0.2,0.6,6.5,1.79,1.0,0.4,111.6,110.6,63,47.3,49.8,10.2,4.5,0
2020,99.2,Charlie Brown Jr.,OKC,14,9,72,1,4.4,1.9,1.0,0.4,0.2,0.7,8.0,1.5,0.6,-4.8,100.3,113.0,39,36.0,42.2,14.0,2.1,0
2020,99.2,Al-Farouq Aminu,CHI,11,23,72,5,4.4,4.8,1.3,0.8,0.4,1.2,10.1,1.11,0.3,-2.3,102.8,109.0,63,42.4,46.9,13.8,7.5,0
2020,99.2,Stanley Johnson,TOR,12,61,72,25,4.4,2.5,1.5,0.9,0.3,0.9,12.7,1.65,0.7,-2.6,105.3,111.7,0.044000000000000004,47.9,51.9,13.0,5.6,0
2020,99.2,Andre Iguodala,MIA,6,63,72,37,4.4,3.5,2.3,0.9,0.6,1.1,15.3,2.12,1.0,-1.3,105.6,108.1,78,50.4,51.9,10.9,7.2,0
2020,99.2,Yuta Watanabe,TOR,12,50,72,24,4.4,3.2,0.8,0.5,0.4,0.4,7.9,2.11,0.7,-0.8,105.0,107.8,55,53.9,56.5,12.1,8.9,0
2020,99.2,Chandler Hutchison,WAS,8,25,72,11,4.3,3.1,0.7,0.5,0.2,0.8,6.1,0.85,0.3,-2.3,106.8,112.0,0.036000000000000004,41.7,46.9,15.5,6.1,0
2020,99.2,John Konchar,MEM,9,43,72,23,4.3,3.0,1.1,0.7,0.2,0.4,11.1,2.61,0.5,0.4,110.6,108.6,47,57.6,60.8,12.4,9.8,0
2020,99.2,Devin Cannady,ORL,14,8,72,0,4.3,0.6,0.1,0.6,0.1,0.3,2.3,0.5,0.8,-2.9,100.6,114.4,0.018000000000000002,50.0,54.7,18.1,6.1,0
2020,99.2,Mike Scott,PHI,1,51,72,35,4.2,2.4,0.8,0.5,0.3,0.4,6.4,2.11,1.0,-0.2,105.7,105.9,73,48.6,49.2,11.6,5.0,0
2020,99.2,Jevon Carter,PHX,2,60,72,42,4.1,1.5,1.2,0.5,0.2,0.3,13.6,4.44,0.9,0.5,110.9,107.6,46,54.7,54.8,14.6,7.5,0
2020,99.2,Lamar Stevens,CLE,13,40,72,13,4.1,2.4,0.6,0.4,0.3,0.6,7.9,1.09,0.1,-2.9,100.1,110.5,38,47.1,52.1,15.2,7.2,0
2020,99.2,Kevon Looney,GSW,8,61,72,34,4.1,5.3,2.0,0.3,0.4,0.6,13.2,3.22,0.1,2.1,112.1,106.1,81,55.8,57.5,9.2,8.0,0
2020,99.2,Paul Watson,TOR,12,27,72,13,4.1,1.7,0.6,0.2,0.1,0.3,8.1,1.89,1.1,-0.1,110.9,112.6,0.026000000000000002,64.6,64.9,13.3,7.1,0
2020,99.2,Nico Mannion,GSW,8,30,72,17,4.1,1.5,2.3,0.5,0.0,1.0,27.0,2.26,0.7,-2.5,102.6,111.9,31,43.9,48.7,18.6,7.5,0
2020,99.2,DaQuan Jeffries,SAS,10,31,72,6,4.1,2.3,0.7,0.5,0.3,0.5,5.9,1.57,0.6,-1.8,109.0,113.4,35,50.0,51.4,11.4,4.5,0
2020,99.2,Josh Hall,OKC,14,21,72,2,4.1,2.8,1.3,0.2,0.0,1.2,11.8,1.12,0.2,-4.8,100.7,113.9,33,32.3,36.3,17.4,1.5,0
2020,99.2,Obi Toppin,NYK,4,62,72,36,4.1,2.2,0.5,0.3,0.2,0.4,6.5,1.26,0.4,0.4,109.1,106.5,46,56.0,57.4,15.7,9.3,0
2020,99.2,Darius Miller,OKC,14,18,72,5,4.1,1.3,1.2,0.7,0.3,0.4,15.1,2.63,0.9,2.1,105.3,98.1,73,63.5,68.5,12.7,11.5,0
2020,99.2,Chris Chiozza,BKN,2,22,72,12,4.0,1.1,3.0,0.3,0.3,0.7,38.2,4.06,0.6,0.9,105.9,102.9,55,42.6,46.1,20.0,9.3,0
2020,99.2,Jordan Bone,ORL,14,14,72,2,4.0,1.7,1.3,0.1,0.0,0.2,14.3,6.0,0.7,-4.2,98.3,112.6,34,51.9,51.9,12.1,6.7,0
2020,99.2,Udonis Haslem,MIA,6,1,72,1,4.0,1.0,0.0,0.0,0.0,0.0,0.0,0.0,0.0,3.0,166.7,100.0,21,100.0,100.0,28.6,45.5,0
2020,99.2,Cody Martin,CHA,10,52,72,26,4.0,3.1,1.7,0.7,0.2,0.8,13.8,2.15,0.3,-0.1,109.1,108.1,61,48.4,50.0,12.3,7.3,0
2020,99.2,Carsen Edwards,BOS,7,31,72,14,4.0,0.8,0.5,0.2,0.0,0.2,7.5,2.0,0.6,-0.8,105.1,109.2,31,50.5,52.7,18.7,6.4,0
2020,99.2,Matisse Thybulle,PHI,1,65,72,46,3.9,1.9,1.0,1.6,1.1,0.5,6.4,1.97,0.7,1.5,109.3,104.7,95,50.8,50.8,9.0,5.3,0
2020,99.2,Brodric Thomas,CLE,13,32,72,6,3.9,1.7,0.9,0.5,0.3,0.7,11.5,1.36,0.5,-1.5,103.6,108.1,47,43.5,48.7,15.8,5.2,0
2020,99.2,Kevin Knox II,NYK,4,42,72,26,3.9,1.5,0.5,0.3,0.1,0.4,6.4,1.12,0.8,-0.8,101.1,104.7,53,51.4,53.7,15.2,6.5,0
2020,99.2,Justin James,SAC,11,36,72,15,3.9,0.8,0.6,0.2,0.1,0.4,10.9,1.47,0.4,-1.6,100.3,108.8,31,53.2,54.8,19.2,6.6,0
2020,99.2,Dante Exum,HOU,15,6,72,3,3.8,2.8,2.2,0.7,0.3,1.2,15.5,1.86,0.3,1.0,99.6,96.0,141,42.3,42.8,11.9,5.8,0
2020,99.2,Ersan Ilyasova,UTA,1,17,72,14,3.8,1.7,0.2,0.6,0.2,0.5,4.0,0.5,1.1,0.9,109.7,103.0,45,55.6,57.8,19.0,6.2,0
2020,99.2,Tremont Waters,BOS,7,26,72,13,3.8,0.8,2.4,0.6,0.0,1.0,38.0,2.3,0.6,-0.4,106.1,108.0,35,49.4,54.1,20.4,11.0,0
2020,99.2,Nathan Knight,ATL,4,33,72,21,3.8,2.2,0.2,0.3,0.3,0.5,4.5,0.53,0.2,-0.5,102.6,106.9,34,40.0,49.9,20.7,8.9,0
2020,99.2,Skylar Mays,ATL,4,33,72,19,3.8,1.1,0.9,0.4,0.1,0.3,18.0,3.33,0.4,0.4,107.0,105.6,0.036000000000000004,52.0,56.9,18.6,11.3,0
2020,99.2,Thon Maker,CLE,13,8,72,3,3.8,2.3,0.5,0.3,0.5,0.4,10.0,1.33,0.0,-2.3,92.3,103.2,49,55.6,65.7,14.5,13.4,0
2020,99.2,Isaiah Joe,PHI,1,41,72,22,3.7,0.9,0.5,0.3,0.1,0.3,7.2,1.82,1.0,0.0,106.9,105.1,0.044000000000000004,50.8,53.3,16.3,5.8,0
2020,99.2,P.J. Tucker,MIL,3,52,72,27,3.7,3.9,1.2,0.8,0.4,0.8,5.7,1.53,0.8,-3.4,109.2,114.7,45,48.6,51.0,7.2,3.4,0
2020,99.2,Luka Samanic,SAS,10,33,72,14,3.7,2.1,0.5,0.2,0.2,0.6,7.3,0.75,0.4,-0.6,102.6,104.6,45,50.5,51.8,18.7,6.5,0
2020,99.2,Javonte Green,CHI,11,41,72,19,3.6,1.7,0.4,0.7,0.1,0.5,4.8,0.89,0.2,0.4,109.0,107.2,46,56.9,61.0,12.2,6.9,0
2020,99.2,Wenyen Gabriel,NOP,11,21,72,9,3.4,2.6,0.5,0.4,0.4,0.7,6.3,0.73,0.6,0.1,106.4,105.6,51,50.8,53.3,13.5,5.5,0
2020,99.2,Luke Kornet,BOS,7,31,72,13,3.4,2.2,0.8,0.1,1.0,0.2,9.5,3.43,0.5,1.7,105.4,99.6,71,51.0,51.1,13.5,8.7,0
2020,99.2,Paul Reed,PHI,1,26,72,17,3.4,2.3,0.5,0.4,0.5,0.5,10.7,1.0,0.0,1.4,107.5,96.3,0.05,53.8,54.0,20.8,13.2,0
2020,99.2,Meyers Leonard,MIA,6,3,72,2,3.3,2.3,0.7,0.0,0.0,0.7,10.5,1.0,1.0,-1.3,103.3,104.8,48,64.3,63.5,15.2,6.7,0
2020,99.2,Quinn Cook,CLE,13,23,72,13,3.3,0.7,0.8,0.2,0.0,0.3,18.4,2.57,0.5,-0.4,100.3,104.2,34,50.7,53.1,20.4,9.8,0
2020,99.2,Zeke Nnaji,DEN,3,42,72,30,3.2,1.5,0.2,0.2,0.1,0.2,3.7,1.43,0.6,-2.0,102.0,112.5,23,59.6,61.5,12.6,7.4,0
2020,99.2,Amir Coffey,LAC,3,44,72,32,3.2,1.0,0.5,0.2,0.0,0.3,9.0,1.47,0.5,-0.6,99.9,101.1,53,54.9,58.5,14.5,7.0,0
2020,99.2,Killian Tillie,MEM,9,18,72,11,3.2,1.3,0.4,0.3,0.4,0.1,6.3,4.0,0.6,2.2,107.2,97.7,68,42.1,46.1,14.8,4.7,0
2020,99.2,Mamadi Diakite,MIL,3,14,72,7,3.1,2.4,0.6,0.4,0.4,0.2,7.9,2.67,0.1,0.6,103.2,99.4,66,41.3,47.7,14.2,8.1,0
2020,99.2,Alfonzo McKinnie,LAL,5,39,72,22,3.1,1.4,0.2,0.2,0.0,0.1,3.6,1.2,0.4,0.2,102.0,101.3,39,60.2,60.4,16.4,10.0,0
2020,99.2,Romeo Langford,BOS,7,18,72,9,3.1,1.9,0.7,0.3,0.3,0.6,6.9,1.3,0.3,-3.7,98.1,108.2,0.057999999999999996,39.8,43.6,11.1,3.0,0
2020,99.2,Ryan Arcidiacono,CHI,11,44,72,20,3.1,1.5,1.3,0.2,0.0,0.2,17.6,5.6,0.6,0.2,104.0,104.0,49,52.6,54.1,12.8,7.8,0
2020,99.2,Matt Thomas,UTA,1,45,72,27,3.1,1.0,0.4,0.1,0.0,0.3,9.6,1.36,0.6,-1.5,100.0,109.3,25,50.0,52.2,18.7,7.1,0
2020,99.2,Anthony Gill,WAS,8,26,72,11,3.1,2.0,0.4,0.4,0.2,0.3,7.3,1.38,0.3,-0.7,104.1,105.6,0.037000000000000005,55.8,59.7,14.3,8.9,0
2020,99.2,Jahmi'us Ramsey,SAC,11,13,72,5,3.1,0.8,0.5,0.3,0.1,0.2,8.8,2.0,0.4,0.2,106.7,104.2,0.037000000000000005,46.1,49.8,18.3,6.3,0
2020,99.2,Gary Clark,PHI,1,39,72,12,3.1,2.9,0.8,0.3,0.2,0.4,6.4,1.82,0.8,-2.8,104.1,111.7,0.044000000000000004,42.0,43.6,9.7,4.4,0
2020,99.2,Cameron Reynolds,HOU,15,5,72,3,3.0,1.0,0.4,0.0,0.0,0.0,9.5,0.0,0.6,-5.2,81.8,110.1,0.026000000000000002,41.7,41.7,18.2,4.2,0
2020,99.2,Reggie Perry,BKN,2,26,72,18,3.0,2.8,0.5,0.2,0.2,0.6,9.7,0.93,0.2,-1.4,106.1,113.4,0.018000000000000002,43.6,46.6,19.0,6.4,0
2020,99.2,Nicolo Melli,DAL,5,45,72,26,3.0,2.7,1.0,0.3,0.1,0.3,10.8,3.67,0.5,0.5,106.3,105.2,0.055999999999999994,40.8,44.1,12.3,6.4,0
2020,99.2,Sam Merrill,MIL,3,30,72,18,3.0,1.0,0.7,0.3,0.0,0.3,13.5,2.1,0.7,-1.3,101.2,109.7,25,59.0,60.3,14.6,8.4,0
2020,99.2,Trent Forrest,UTA,1,30,72,22,2.9,1.5,1.5,0.3,0.1,0.7,20.5,2.14,0.2,-1.6,108.2,115.9,0.013999999999999999,48.6,55.4,14.4,7.8,0
2020,99.2,Thanasis Antetokounmpo,MIL,3,57,72,37,2.9,2.2,0.8,0.4,0.2,0.8,11.3,1.07,0.1,-0.2,107.1,104.6,48,51.5,52.3,14.7,5.5,0
2020,99.2,Harry Giles III,POR,5,38,72,23,2.8,3.5,0.8,0.2,0.3,0.5,12.5,1.45,0.2,-2.1,101.1,111.5,0.026000000000000002,47.4,49.6,15.4,9.5,0
2020,99.2,Markus Howard,DEN,3,37,72,24,2.8,0.6,0.5,0.1,0.0,0.5,14.5,1.0,0.5,-1.9,93.5,110.5,0.018000000000000002,46.2,47.7,25.0,4.6,0
2020,99.2,Bruno Caboclo,HOU,15,6,72,1,2.8,2.3,0.2,0.0,0.3,0.7,4.8,0.25,0.0,0.0,96.3,94.0,51,47.1,47.5,23.2,11.3,0
2020,99.2,Kyle Guy,SAC,11,31,72,11,2.8,1.1,1.0,0.2,0.0,0.4,18.4,2.91,0.4,-0.5,107.4,111.5,21,40.3,44.9,18.5,6.2,0
2020,99.2,Matthew Dellavedova,CLE,13,13,72,4,2.8,1.8,4.5,0.3,0.1,0.5,33.7,9.67,0.3,-1.4,108.8,111.9,45,28.6,31.2,12.5,5.2,0
2020,99.2,Frank Ntilikina,NYK,4,33,72,23,2.7,0.9,0.6,0.5,0.1,0.3,9.5,1.73,0.7,-1.0,99.7,103.3,51,51.3,51.2,13.4,3.6,0
2020,99.2,Didi Louzada,NOP,11,3,72,0,2.7,1.0,1.0,0.7,0.0,1.0,7.3,1.0,0.7,-3.7,102.5,109.8,61,30.8,30.8,11.4,-1.2,0
2020,99.2,Keita Bates-Diop,SAS,10,30,72,13,2.6,1.6,0.4,0.4,0.2,0.2,7.5,1.71,0.2,-1.2,103.8,111.5,0.022000000000000002,48.5,51.8,14.4,8.8,0
2020,99.2,Amida Brimah,IND,8,5,72,2,2.6,1.6,0.2,0.0,1.0,0.8,4.2,0.25,0.0,4.4,114.9,82.1,71,62.5,69.7,17.6,11.1,0
2020,99.2,Anderson Varejao,CLE,13,5,72,1,2.6,4.0,0.6,0.0,0.4,0.2,15.0,3.0,0.0,-6.6,85.9,123.5,-6,25.0,32.6,22.8,9.0,0
2020,99.2,Josh Green,DAL,5,39,72,20,2.6,2.0,0.7,0.4,0.1,0.4,8.3,1.65,0.1,0.4,106.7,104.7,0.054000000000000006,47.3,49.0,11.2,5.7,0
2020,99.2,Grant Riller,CHA,10,7,72,2,2.6,0.1,0.4,0.1,0.0,0.1,30.0,3.0,0.3,-0.6,96.4,101.8,21,75.0,75.0,22.0,21.1,0
2020,99.2,Tre Jones,SAS,10,37,72,15,2.5,0.6,1.1,0.2,0.0,0.4,22.8,3.0,0.1,-2.2,98.4,112.2,0.018000000000000002,49.4,54.4,15.9,8.4,0
2020,99.2,Gary Payton II,GSW,8,10,72,7,2.5,1.1,0.1,0.6,0.1,0.1,3.7,1.0,0.2,0.1,103.3,101.1,25,84.6,84.7,15.3,16.4,0
2020,99.2,Jordan Bell,GSW,8,6,72,3,2.5,4.0,1.2,0.5,0.8,0.7,13.0,1.75,0.0,-5.3,95.2,112.3,32,31.8,32.8,14.0,6.8,0
2020,99.2,KZ Okpala,MIA,6,37,72,22,2.5,1.8,0.5,0.3,0.3,0.4,6.0,1.27,0.3,-1.8,102.8,109.7,39,43.8,44.8,11.5,2.4,0
2020,99.2,Tacko Fall,BOS,7,19,72,13,2.5,2.7,0.2,0.1,1.1,0.3,2.8,0.5,0.0,1.4,113.9,107.6,0.027999999999999997,72.4,66.0,12.7,10.2,0
2020,99.2,Rondae Hollis-Jefferson,POR,5,11,72,6,2.5,2.4,1.2,0.2,0.4,0.2,16.9,6.5,0.0,-0.6,111.7,112.8,23,50.0,53.9,10.5,7.4,0
2020,99.2,Jeremiah Martin,CLE,13,9,72,0,2.4,0.8,0.4,0.6,0.2,0.7,9.1,0.67,0.3,-2.9,100.6,117.3,8,31.8,31.3,22.0,1.0,0
2020,99.2,Mfiondu Kabengele,CLE,13,39,72,20,2.4,1.5,0.4,0.2,0.3,0.4,9.9,1.13,0.3,-2.4,93.1,107.3,0.03,44.4,48.6,16.8,6.5,0
2020,99.2,Rayjon Tucker,PHI,1,14,72,8,2.4,0.8,0.4,0.1,0.0,0.3,15.4,1.5,0.1,-0.9,96.1,101.3,0.03,55.6,64.5,17.6,11.9,0
2020,99.2,Vernon Carey Jr.,CHA,10,19,72,9,2.4,1.4,0.1,0.1,0.3,0.3,2.8,0.4,0.1,-0.6,105.0,108.3,0.022000000000000002,51.4,56.3,17.8,7.9,0
2020,99.2,Wes Iwundu,NOP,11,41,72,17,2.4,2.2,0.4,0.4,0.1,0.5,4.5,0.95,0.1,-2.3,103.6,110.1,0.040999999999999995,35.8,42.8,10.3,3.5,0
2020,99.2,Justin Robinson,OKC,14,9,72,0,2.3,0.8,1.0,0.3,0.0,0.2,15.0,4.5,0.4,-5.0,97.9,119.9,2,42.9,45.3,11.1,3.3,0
2020,99.2,Quinndary Weatherspoon,SAS,10,20,72,8,2.3,0.6,0.4,0.4,0.1,0.5,10.7,0.8,0.1,-3.0,94.3,116.9,0.006999999999999999,47.1,54.7,18.0,4.6,0
2020,99.2,Jarrell Brantley,UTA,1,28,72,23,2.3,1.0,0.5,0.3,0.1,0.3,17.0,1.88,0.4,-0.9,103.0,112.1,0.013000000000000001,59.6,60.5,18.2,9.6,0
2020,99.2,CJ Elleby,POR,5,30,72,19,2.3,1.1,0.3,0.2,0.1,0.2,7.6,2.0,0.2,-0.5,102.3,107.6,0.026000000000000002,43.2,46.8,16.0,4.7,0
2020,99.2,Sean McDermott,MEM,9,18,72,10,2.2,1.1,0.2,0.1,0.2,0.2,4.3,1.0,0.3,-3.2,89.1,106.8,0.036000000000000004,47.0,53.4,10.1,5.2,0
2020,99.2,Bol Bol,DEN,3,32,72,21,2.2,0.8,0.2,0.1,0.3,0.4,6.7,0.54,0.3,-2.5,94.4,119.3,2,50.9,53.4,19.1,5.7,0
2020,99.2,Shaquille Harrison,DEN,3,34,72,27,2.1,1.4,0.7,0.5,0.1,0.3,10.9,2.27,0.1,-2.2,98.2,108.3,0.037000000000000005,35.3,41.6,12.4,4.7,0
2020,99.2,Chris Silva,SAC,11,15,72,8,2.1,1.8,0.4,0.1,0.4,0.7,10.2,0.6,0.1,-0.1,100.0,100.5,38,65.6,70.8,15.1,6.4,0
2020,99.2,Devon Dotson,CHI,11,11,72,4,2.1,0.5,0.6,0.4,0.0,0.0,20.0,0.0,0.1,2.9,105.3,83.7,49,54.8,54.8,16.0,16.6,0
2020,99.2,Ed Davis,MIN,13,23,72,5,2.1,5.0,0.9,0.6,0.6,0.3,10.0,3.0,0.0,-2.0,101.4,109.0,0.044000000000000004,43.2,48.7,7.8,7.9,0
2020,99.2,Vlatko Cancar,DEN,3,41,72,28,2.1,1.2,0.3,0.3,0.0,0.3,7.3,1.0,0.2,-2.5,96.5,113.9,0.013999999999999999,52.1,54.7,13.2,6.9,0
2020,99.2,Deividas Sirvydis,DET,15,20,72,8,2.1,1.5,0.3,0.1,0.0,0.3,6.2,1.0,0.5,-1.2,97.2,106.9,0.027000000000000003,47.5,48.1,15.0,7.0,0
2020,99.2,Jontay Porter,MEM,9,11,72,7,2.0,1.3,0.1,0.3,0.1,0.6,3.3,0.14,0.3,0.1,93.0,92.2,0.040999999999999995,63.3,64.0,18.2,6.7,0
2020,99.2,Ray Spalding,HOU,15,2,72,0,2.0,2.0,0.0,0.0,1.0,1.5,0.0,0.0,0.0,-3.5,90.9,106.8,42,50.0,41.0,15.7,-2.6,0
2020,99.2,Jalen Smith,PHX,2,27,72,19,2.0,1.4,0.1,0.0,0.1,0.3,3.7,0.57,0.1,-0.6,106.3,110.7,0.018000000000000002,48.0,49.9,16.1,5.9,0
2020,99.2,Nate Hinton,DAL,5,21,72,11,2.0,0.4,0.4,0.3,0.1,0.2,15.1,1.6,0.2,-2.6,87.3,115.4,0.006999999999999999,40.5,44.2,21.7,6.6,0
2020,99.2,Sindarius Thornwell,ORL,14,21,72,7,2.0,0.9,1.0,0.6,0.1,0.3,13.5,3.0,0.3,-0.4,102.6,104.6,49,40.2,41.4,11.0,4.3,0
2020,99.2,Devontae Cacok,LAL,5,20,72,8,2.0,1.6,0.1,0.3,0.2,0.3,1.3,0.2,0.0,2.1,116.7,98.6,33,58.6,57.6,15.4,11.4,0
2020,99.2,Isaac Bonga,WAS,8,40,72,16,2.0,1.7,0.6,0.3,0.2,0.6,7.2,1.05,0.3,-0.9,99.2,102.4,0.057999999999999996,45.1,46.1,10.1,2.2,0
2020,99.2,Miye Oni,UTA,1,54,72,45,1.9,1.6,0.5,0.2,0.1,0.3,7.1,1.75,0.6,1.7,108.4,99.5,61,50.5,51.7,9.5,4.0,0
2020,99.2,Alen Smailagic,GSW,8,15,72,10,1.9,1.1,0.3,0.2,0.3,0.3,7.8,0.8,0.3,-2.1,95.2,112.8,0.013000000000000001,48.1,47.2,16.5,4.3,0
2020,99.2,Cassius Winston,WAS,8,22,72,10,1.9,0.4,0.5,0.1,0.0,0.2,22.2,2.4,0.4,-2.2,92.8,114.2,8,54.5,57.5,18.2,7.9,0
2020,99.2,Daniel Oturu,LAC,3,30,72,21,1.8,1.6,0.3,0.1,0.2,0.3,9.2,1.11,0.0,0.3,104.2,102.5,0.027999999999999997,43.3,47.1,17.4,7.3,0
2020,99.2,Axel Toupane,MIL,3,8,72,2,1.8,0.8,0.5,0.3,0.4,0.0,9.8,0.0,0.1,-0.4,94.0,96.3,55,40.9,49.7,9.2,6.0,0
2020,99.2,Elijah Hughes,UTA,1,18,72,14,1.7,0.5,0.3,0.1,0.1,0.3,15.8,1.0,0.4,-2.1,91.5,120.3,0.0,46.7,48.8,24.2,7.1,0
2020,99.2,T.J. Leaf,POR,5,7,72,6,1.7,0.7,0.1,0.3,0.1,0.3,3.8,0.5,0.0,-2.9,85.9,110.7,17,50.0,55.1,13.8,8.4,0
2020,99.2,James Nunnally,NOP,11,9,72,3,1.7,1.0,0.3,0.0,0.0,0.2,9.4,1.5,0.4,-0.4,99.0,103.9,0.027000000000000003,53.8,54.0,12.9,7.5,0
2020,99.2,Tim Frazier,MEM,9,5,72,5,1.6,1.6,3.2,0.4,0.2,0.8,33.3,4.0,0.0,1.0,98.5,90.6,0.11599999999999999,15.0,17.7,17.8,1.2,0
2020,99.2,Anthony Tolliver,PHI,1,11,72,7,1.5,0.9,0.2,0.3,0.2,0.3,2.5,0.67,0.4,2.7,109.8,93.2,77,35.3,43.3,9.0,2.2,0
2020,99.2,Bruno Fernando,ATL,4,33,72,20,1.5,2.4,0.3,0.1,0.1,0.6,6.9,0.48,0.0,-0.7,98.8,104.7,33,40.9,47.5,13.3,6.9,0
2020,99.2,Norvel Pelle,NYK,4,13,72,8,1.5,1.5,0.2,0.1,0.7,0.2,3.2,0.67,0.0,1.8,113.3,101.1,39,53.3,56.7,10.6,5.3,0
2020,99.2,Robert Woodard II,SAC,11,13,72,3,1.5,1.2,0.2,0.0,0.2,0.1,5.6,2.0,0.1,0.8,107.5,101.0,21,42.5,42.5,21.0,7.9,0
2020,99.2,Cassius Stanley,IND,8,24,72,10,1.5,0.8,0.0,0.0,0.1,0.0,1.7,1.0,0.1,0.8,97.5,88.1,0.037000000000000005,33.7,38.3,19.8,2.7,0
2020,99.2,Rodions Kurucs,MIL,3,21,72,10,1.5,1.1,0.5,0.4,0.2,0.6,11.5,0.77,0.3,-0.1,102.5,102.8,33,43.8,45.9,14.5,4.4,0
2020,99.2,Nate Darling,CHA,10,7,72,3,1.3,0.1,0.1,0.0,0.1,0.1,11.1,1.0,0.3,-4.3,67.9,122.2,-2,42.9,54.1,13.3,4.8,0
2020,99.2,Cristiano Felicio,CHI,11,18,72,6,1.3,1.4,0.5,0.2,0.0,0.2,15.5,2.25,0.0,1.2,96.7,89.7,42,53.8,57.4,11.7,11.2,0
2020,99.2,Jalen Lecque,IND,8,4,72,2,1.3,1.3,0.5,0.0,0.0,0.0,33.3,0.0,0.0,-1.0,77.8,92.6,0.026000000000000002,11.1,24.2,26.3,12.0,0
2020,99.2,Kris Dunn,ATL,4,4,72,1,1.3,1.5,0.5,0.5,0.5,0.8,8.0,0.67,0.0,-7.8,86.3,117.7,0.01,8.3,18.2,15.7,-6.0,0
2020,99.2,Juwan Morgan,UTA,1,29,72,24,1.2,1.0,0.3,0.1,0.0,0.1,10.1,2.25,0.1,-3.7,90.0,124.1,-5,53.3,52.9,10.2,4.4,0
2020,99.2,Andre Roberson,BKN,2,5,72,4,1.2,3.0,0.8,0.6,0.2,0.4,9.8,2.0,0.2,-3.8,100.0,118.4,8,17.9,20.2,11.7,2.3,0
2020,99.2,Marques Bolden,CLE,13,6,72,2,1.2,1.0,0.0,0.3,0.3,0.3,0.0,0.0,0.0,0.8,82.8,70.5,73,33.3,53.7,13.6,11.5,0
2020,99.2,Karim Mane,ORL,14,10,72,2,1.1,1.4,0.4,0.0,0.2,0.3,6.1,1.33,0.1,-2.2,99.5,111.5,24,26.9,36.2,8.5,1.7,0
2020,99.2,Adam Mokoka,CHI,11,14,72,3,1.1,0.4,0.4,0.1,0.1,0.4,17.9,1.0,0.1,-0.6,83.2,90.3,38,39.5,38.6,17.1,2.5,0
2020,99.2,Udoka Azubuike,UTA,1,15,72,13,1.1,0.9,0.0,0.1,0.3,0.2,0.0,0.0,0.0,-4.3,69.8,124.4,-4,44.4,59.7,11.9,5.4,0
2020,99.2,Iman Shumpert,BKN,2,2,72,1,1.0,0.5,0.0,0.5,0.0,0.5,0.0,0.0,0.0,-0.5,91.3,95.7,0.04,25.0,25.0,18.5,-1.1,0
2020,99.2,Malik Fitts,LAC,3,3,72,3,1.0,1.0,0.0,0.0,0.0,0.0,0.0,0.0,0.3,-2.0,86.4,113.6,0.006999999999999999,50.0,50.0,12.0,2.9,0
2020,99.2,Patrick McCaw,TOR,12,5,72,2,1.0,0.6,0.8,0.4,0.0,0.0,19.0,0.0,0.0,-3.6,104.5,137.5,-0.03,100.0,107.8,2.6,5.7,0
2020,99.2,Tyler Bey,DAL,5,18,72,11,1.0,1.1,0.2,0.0,0.1,0.2,6.3,1.0,0.1,-2.1,85.8,112.8,0.01,34.1,37.2,14.3,3.8,0
2020,99.2,Tyrell Terry,DAL,5,11,72,2,1.0,0.5,0.5,0.5,0.0,0.2,15.8,3.0,0.0,0.0,88.4,88.4,51,31.3,31.8,13.5,6.7,0
2020,99.2,Nick Richards,CHA,10,18,72,9,0.8,0.6,0.1,0.0,0.0,0.2,5.4,0.67,0.0,-0.7,93.3,103.8,17,44.4,54.2,11.1,3.3,0
2020,99.2,Kostas Antetokounmpo,LAL,5,15,72,6,0.8,1.3,0.1,0.1,0.3,0.7,2.3,0.09,0.0,1.8,105.4,83.3,46,30.0,38.2,17.2,0.5,0
2020,99.2,Vincent Poirier,PHI,1,10,72,8,0.8,1.4,0.2,0.0,0.3,0.4,8.0,0.5,0.0,-1.6,85.2,104.6,19,25.0,27.3,19.4,-2.0,0
2020,99.2,Keljin Blevins,POR,5,17,72,11,0.7,0.6,0.2,0.1,0.0,0.3,8.3,0.8,0.1,-2.2,85.2,107.5,19,30.0,30.0,12.6,-0.5,0
2020,99.2,Ty-Shon Alexander,PHX,2,15,72,11,0.6,0.7,0.4,0.0,0.1,0.2,20.0,2.0,0.1,-0.5,101.0,107.0,0.013000000000000001,33.3,34.9,14.3,5.2,0
2020,99.2,Brian Bowen II,IND,8,6,72,1,0.5,0.5,0.0,0.0,0.0,0.0,0.0,0.0,0.0,0.5,93.8,84.4,0.026000000000000002,25.0,33.8,9.8,4.5,0
2020,99.2,Jared Dudley,LAL,5,12,72,7,0.5,1.8,0.4,0.1,0.1,0.2,8.1,2.5,0.2,0.2,97.7,99.4,42,33.3,33.3,5.6,5.5,0
2020,99.2,Jared Harper,NYK,4,8,72,5,0.4,0.3,0.1,0.0,0.0,0.4,12.5,0.33,0.0,-0.6,78.6,95.0,19,0.0,26.0,20.0,-5.2,0
2020,99.2,Jaylen Adams,MIL,3,7,72,5,0.3,0.4,0.3,0.0,0.0,0.0,20.0,0.0,0.0,-1.7,69.0,100.0,16,12.5,12.5,17.8,-1.7,0
2020,99.2,Terrance Ferguson,PHI,1,13,72,10,0.2,0.1,0.2,0.1,0.0,0.3,5.7,0.5,0.0,-1.5,88.8,106.5,16,14.3,14.3,9.4,-6.5,0
2020,99.2,Theo Pinson,NYK,4,17,72,9,0.1,0.3,0.1,0.0,0.0,0.1,6.3,1.0,0.0,-0.9,85.2,101.2,0.013999999999999999,11.1,11.1,11.8,-4.0,0
2020,99.2,Anzejs Pasecniks,WAS,8,1,72,1,0.0,1.0,1.0,0.0,0.0,5.0,33.3,0.2,0.0,-13.0,57.1,161.5,-71,0.0,0.0,37.5,-26.0,0
2020,99.2,Ashton Hagans,MIN,13,2,72,0,0.0,0.0,0.0,0.0,0.0,0.5,0.0,0.0,0.0,-1.5,60.0,81.8,0.028999999999999998,0.0,0.0,8.3,-25.0,0
2020,99.2,Greg Whittington,DEN,3,4,72,3,0.0,0.0,0.0,0.0,0.0,0.0,0.0,0.0,0.0,2.3,103.7,70.4,48,0.0,0.0,10.3,-7.1,0
2020,99.2,Noah Vonleh,BKN,2,4,72,3,0.0,0.3,0.3,0.0,0.0,0.5,14.3,0.5,0.0,-4.0,82.6,145.8,-21,0.0,0.0,21.7,-9.4,0
2020,99.2,Will Magnay,NOP,11,1,72,1,0.0,0.0,0.0,0.0,0.0,1.0,0.0,0.0,0.0,-10.0,37.5,185.7,-63,0.0,0.0,20.0,-17.1,0
